"";"Name";"Conditions";"logFC";"hovertext"
"1";"CAGL0A00737g";"log(pH8/pH4)";"1.62e+00";"CAGL0A00737g - 1.62e+00"
"2";"CAGL0A00979g";"log(pH8/pH4)";"-2.15e-01";"CAGL0A00979g - -2.15e-01"
"3";"CAGL0A01067g";"log(pH8/pH4)";"-4.92e-01";"CAGL0A01067g - -4.92e-01"
"4";"CAGL0A01089g";"log(pH8/pH4)";"2.45e+00";"CAGL0A01089g - 2.45e+00"
"5";"CAGL0A01199g";"log(pH8/pH4)";"3.38e-01";"CAGL0A01199g - 3.38e-01"
"6";"CAGL0A01221g";"log(pH8/pH4)";"-9.76e-01";"CAGL0A01221g - -9.76e-01"
"7";"CAGL0A01243g";"log(pH8/pH4)";"-4.02e+00";"CAGL0A01243g - -4.02e+00"
"8";"CAGL0A01650g";"log(pH8/pH4)";"-1.56e+00";"CAGL0A01650g - -1.56e+00"
"9";"CAGL0A01716g";"log(pH8/pH4)";"5.53e-01";"CAGL0A01716g - 5.53e-01"
"10";"CAGL0A01782g";"log(pH8/pH4)";"6.80e-01";"CAGL0A01782g - 6.80e-01"
"11";"CAGL0A01826g";"log(pH8/pH4)";"-1.51e-01";"CAGL0A01826g - -1.51e-01"
"12";"CAGL0A02002g";"log(pH8/pH4)";"3.75e-01";"CAGL0A02002g - 3.75e-01"
"13";"CAGL0A02112g";"log(pH8/pH4)";"-2.62e-01";"CAGL0A02112g - -2.62e-01"
"14";"CAGL0A02145g";"log(pH8/pH4)";"4.28e-01";"CAGL0A02145g - 4.28e-01"
"15";"CAGL0A02211g";"log(pH8/pH4)";"4.85e-01";"CAGL0A02211g - 4.85e-01"
"16";"CAGL0A02233g";"log(pH8/pH4)";"7.37e-02";"CAGL0A02233g - 7.37e-02"
"17";"CAGL0A02277g";"log(pH8/pH4)";"2.99e+00";"CAGL0A02277g - 2.99e+00"
"18";"CAGL0A02299g";"log(pH8/pH4)";"1.08e+00";"CAGL0A02299g - 1.08e+00"
"19";"CAGL0A02816g";"log(pH8/pH4)";"9.79e-01";"CAGL0A02816g - 9.79e-01"
"20";"CAGL0A03102g";"log(pH8/pH4)";"2.48e+00";"CAGL0A03102g - 2.48e+00"
"21";"CAGL0A03366g";"log(pH8/pH4)";"2.83e-01";"CAGL0A03366g - 2.83e-01"
"22";"CAGL0A03476g";"log(pH8/pH4)";"5.24e-01";"CAGL0A03476g - 5.24e-01"
"23";"CAGL0A03542g";"log(pH8/pH4)";"-1.43e+00";"CAGL0A03542g - -1.43e+00"
"24";"CAGL0A03740g";"log(pH8/pH4)";"1.44e+00";"CAGL0A03740g - 1.44e+00"
"25";"CAGL0A03905g";"log(pH8/pH4)";"-9.86e-03";"CAGL0A03905g - -9.86e-03"
"26";"CAGL0A04015g";"log(pH8/pH4)";"-2.87e-01";"CAGL0A04015g - -2.87e-01"
"27";"CAGL0A04499g";"log(pH8/pH4)";"-7.63e-01";"CAGL0A04499g - -7.63e-01"
"28";"CAGL0A04653g";"log(pH8/pH4)";"-5.46e-02";"CAGL0A04653g - -5.46e-02"
"29";"CAGL0A04829g";"log(pH8/pH4)";"1.69e+00";"CAGL0A04829g - 1.69e+00"
"30";"CAGL0B00286g";"log(pH8/pH4)";"-1.16e-01";"CAGL0B00286g - -1.16e-01"
"31";"CAGL0B00594g";"log(pH8/pH4)";"-1.41e+00";"CAGL0B00594g - -1.41e+00"
"32";"CAGL0B00792g";"log(pH8/pH4)";"-3.61e-01";"CAGL0B00792g - -3.61e-01"
"33";"CAGL0B00814g";"log(pH8/pH4)";"1.02e+00";"CAGL0B00814g - 1.02e+00"
"34";"CAGL0B00946g";"log(pH8/pH4)";"2.10e-01";"CAGL0B00946g - 2.10e-01"
"35";"CAGL0B00990g";"log(pH8/pH4)";"2.80e+00";"CAGL0B00990g - 2.80e+00"
"36";"CAGL0B01012g";"log(pH8/pH4)";"-2.26e-01";"CAGL0B01012g - -2.26e-01"
"37";"CAGL0B01122g";"log(pH8/pH4)";"-6.04e-01";"CAGL0B01122g - -6.04e-01"
"38";"CAGL0B01507g";"log(pH8/pH4)";"-5.05e-01";"CAGL0B01507g - -5.05e-01"
"39";"CAGL0B01639g";"log(pH8/pH4)";"5.59e-01";"CAGL0B01639g - 5.59e-01"
"40";"CAGL0B01727g";"log(pH8/pH4)";"2.22e+00";"CAGL0B01727g - 2.22e+00"
"41";"CAGL0B01881g";"log(pH8/pH4)";"-4.21e-01";"CAGL0B01881g - -4.21e-01"
"42";"CAGL0B02475g";"log(pH8/pH4)";"-2.63e+00";"CAGL0B02475g - -2.63e+00"
"43";"CAGL0B02585g";"log(pH8/pH4)";"3.77e-01";"CAGL0B02585g - 3.77e-01"
"44";"CAGL0B02717g";"log(pH8/pH4)";"-6.36e-01";"CAGL0B02717g - -6.36e-01"
"45";"CAGL0B02794g";"log(pH8/pH4)";"-8.38e-01";"CAGL0B02794g - -8.38e-01"
"46";"CAGL0B02838g";"log(pH8/pH4)";"-1.72e+00";"CAGL0B02838g - -1.72e+00"
"47";"CAGL0B02860g";"log(pH8/pH4)";"3.82e-01";"CAGL0B02860g - 3.82e-01"
"48";"CAGL0B02904g";"log(pH8/pH4)";"-5.81e-01";"CAGL0B02904g - -5.81e-01"
"49";"CAGL0B02970g";"log(pH8/pH4)";"-1.52e+00";"CAGL0B02970g - -1.52e+00"
"50";"CAGL0B03421g";"log(pH8/pH4)";"1.62e+00";"CAGL0B03421g - 1.62e+00"
"51";"CAGL0B03619g";"log(pH8/pH4)";"1.72e+00";"CAGL0B03619g - 1.72e+00"
"52";"CAGL0B03663g";"log(pH8/pH4)";"-8.77e-01";"CAGL0B03663g - -8.77e-01"
"53";"CAGL0B03817g";"log(pH8/pH4)";"1.72e+00";"CAGL0B03817g - 1.72e+00"
"54";"CAGL0B03993g";"log(pH8/pH4)";"-8.14e-01";"CAGL0B03993g - -8.14e-01"
"55";"CAGL0B04213g";"log(pH8/pH4)";"5.95e-01";"CAGL0B04213g - 5.95e-01"
"56";"CAGL0B04433g";"log(pH8/pH4)";"1.55e+00";"CAGL0B04433g - 1.55e+00"
"57";"CAGL0B04675g";"log(pH8/pH4)";"3.17e+00";"CAGL0B04675g - 3.17e+00"
"58";"CAGL0C00110g";"log(pH8/pH4)";"-1.86e+00";"CAGL0C00110g - -1.86e+00"
"59";"CAGL0C00275g";"log(pH8/pH4)";"8.93e-01";"CAGL0C00275g - 8.93e-01"
"60";"CAGL0C00495g";"log(pH8/pH4)";"3.45e-01";"CAGL0C00495g - 3.45e-01"
"61";"CAGL0C00539g";"log(pH8/pH4)";"5.85e-01";"CAGL0C00539g - 5.85e-01"
"62";"CAGL0C00759g";"log(pH8/pH4)";"-1.11e-01";"CAGL0C00759g - -1.11e-01"
"63";"CAGL0C00968g";"log(pH8/pH4)";"-7.02e-02";"CAGL0C00968g - -7.02e-02"
"64";"CAGL0C01133g";"log(pH8/pH4)";"1.44e-01";"CAGL0C01133g - 1.44e-01"
"65";"CAGL0C01287g";"log(pH8/pH4)";"-2.05e-01";"CAGL0C01287g - -2.05e-01"
"66";"CAGL0C01325g";"log(pH8/pH4)";"-1.43e+00";"CAGL0C01325g - -1.43e+00"
"67";"CAGL0C01595g";"log(pH8/pH4)";"-6.83e-02";"CAGL0C01595g - -6.83e-02"
"68";"CAGL0C01727g";"log(pH8/pH4)";"3.45e-01";"CAGL0C01727g - 3.45e-01"
"69";"CAGL0C01749g";"log(pH8/pH4)";"2.08e+00";"CAGL0C01749g - 2.08e+00"
"70";"CAGL0C01771g";"log(pH8/pH4)";"1.19e+00";"CAGL0C01771g - 1.19e+00"
"71";"CAGL0C02035g";"log(pH8/pH4)";"1.11e-01";"CAGL0C02035g - 1.11e-01"
"72";"CAGL0C02233g";"log(pH8/pH4)";"1.41e-01";"CAGL0C02233g - 1.41e-01"
"73";"CAGL0C02365g";"log(pH8/pH4)";" NA";"CAGL0C02365g -  NA"
"74";"CAGL0C02739g";"log(pH8/pH4)";"3.27e-01";"CAGL0C02739g - 3.27e-01"
"75";"CAGL0C03113g";"log(pH8/pH4)";"1.13e+00";"CAGL0C03113g - 1.13e+00"
"76";"CAGL0C03267g";"log(pH8/pH4)";"1.40e-01";"CAGL0C03267g - 1.40e-01"
"77";"CAGL0C03333g";"log(pH8/pH4)";"6.74e-01";"CAGL0C03333g - 6.74e-01"
"78";"CAGL0C03443g";"log(pH8/pH4)";"-2.69e+00";"CAGL0C03443g - -2.69e+00"
"79";"CAGL0C03487g";"log(pH8/pH4)";"8.11e-01";"CAGL0C03487g - 8.11e-01"
"80";"CAGL0C03608g";"log(pH8/pH4)";"3.24e-01";"CAGL0C03608g - 3.24e-01"
"81";"CAGL0C03630g";"log(pH8/pH4)";"6.35e-02";"CAGL0C03630g - 6.35e-02"
"82";"CAGL0C03652g";"log(pH8/pH4)";"-1.41e-01";"CAGL0C03652g - -1.41e-01"
"83";"CAGL0C03850g";"log(pH8/pH4)";"1.07e+00";"CAGL0C03850g - 1.07e+00"
"84";"CAGL0C03872g";"log(pH8/pH4)";"4.68e+00";"CAGL0C03872g - 4.68e+00"
"85";"CAGL0C04191g";"log(pH8/pH4)";"7.71e-01";"CAGL0C04191g - 7.71e-01"
"86";"CAGL0C04279g";"log(pH8/pH4)";"-7.73e-01";"CAGL0C04279g - -7.73e-01"
"87";"CAGL0C04587g";"log(pH8/pH4)";"2.30e+00";"CAGL0C04587g - 2.30e+00"
"88";"CAGL0C04917g";"log(pH8/pH4)";"-8.21e-01";"CAGL0C04917g - -8.21e-01"
"89";"CAGL0C05027g";"log(pH8/pH4)";"-6.61e-01";"CAGL0C05027g - -6.61e-01"
"90";"CAGL0C05115g";"log(pH8/pH4)";"5.05e-01";"CAGL0C05115g - 5.05e-01"
"91";"CAGL0C05445g";"log(pH8/pH4)";"7.31e-01";"CAGL0C05445g - 7.31e-01"
"92";"CAGL0D00198g";"log(pH8/pH4)";"3.36e+00";"CAGL0D00198g - 3.36e+00"
"93";"CAGL0D00264g";"log(pH8/pH4)";"-1.49e-01";"CAGL0D00264g - -1.49e-01"
"94";"CAGL0D00352g";"log(pH8/pH4)";"5.06e-01";"CAGL0D00352g - 5.06e-01"
"95";"CAGL0D00418g";"log(pH8/pH4)";"6.60e-01";"CAGL0D00418g - 6.60e-01"
"96";"CAGL0D00528g";"log(pH8/pH4)";"-2.69e-01";"CAGL0D00528g - -2.69e-01"
"97";"CAGL0D00704g";"log(pH8/pH4)";"1.42e+00";"CAGL0D00704g - 1.42e+00"
"98";"CAGL0D00748g";"log(pH8/pH4)";"-1.52e+00";"CAGL0D00748g - -1.52e+00"
"99";"CAGL0D00770g";"log(pH8/pH4)";"9.20e-01";"CAGL0D00770g - 9.20e-01"
"100";"CAGL0D00880g";"log(pH8/pH4)";"-1.38e-01";"CAGL0D00880g - -1.38e-01"
"101";"CAGL0D01265g";"log(pH8/pH4)";"-1.62e+00";"CAGL0D01265g - -1.62e+00"
"102";"CAGL0D01298g";"log(pH8/pH4)";"2.46e+00";"CAGL0D01298g - 2.46e+00"
"103";"CAGL0D01474g";"log(pH8/pH4)";"1.06e+00";"CAGL0D01474g - 1.06e+00"
"104";"CAGL0D01562g";"log(pH8/pH4)";"-5.89e-01";"CAGL0D01562g - -5.89e-01"
"105";"CAGL0D01958g";"log(pH8/pH4)";"1.61e+00";"CAGL0D01958g - 1.61e+00"
"106";"CAGL0D02134g";"log(pH8/pH4)";"1.65e-01";"CAGL0D02134g - 1.65e-01"
"107";"CAGL0D02596g";"log(pH8/pH4)";"1.25e-01";"CAGL0D02596g - 1.25e-01"
"108";"CAGL0D02640g";"log(pH8/pH4)";"-4.28e-01";"CAGL0D02640g - -4.28e-01"
"109";"CAGL0D02662g";"log(pH8/pH4)";"-4.21e-01";"CAGL0D02662g - -4.21e-01"
"110";"CAGL0D03982g";"log(pH8/pH4)";"-1.73e+00";"CAGL0D03982g - -1.73e+00"
"111";"CAGL0D04026g";"log(pH8/pH4)";"-4.98e-01";"CAGL0D04026g - -4.98e-01"
"112";"CAGL0D04356g";"log(pH8/pH4)";"-1.27e+00";"CAGL0D04356g - -1.27e+00"
"113";"CAGL0D04686g";"log(pH8/pH4)";"3.93e-01";"CAGL0D04686g - 3.93e-01"
"114";"CAGL0D04708g";"log(pH8/pH4)";"3.10e-01";"CAGL0D04708g - 3.10e-01"
"115";"CAGL0D05060g";"log(pH8/pH4)";"-4.07e-01";"CAGL0D05060g - -4.07e-01"
"116";"CAGL0D05082g";"log(pH8/pH4)";"4.36e-01";"CAGL0D05082g - 4.36e-01"
"117";"CAGL0D05192g";"log(pH8/pH4)";"-1.60e+00";"CAGL0D05192g - -1.60e+00"
"118";"CAGL0D05280g";"log(pH8/pH4)";"-1.14e+00";"CAGL0D05280g - -1.14e+00"
"119";"CAGL0D05434g";"log(pH8/pH4)";"-1.33e+00";"CAGL0D05434g - -1.33e+00"
"120";"CAGL0D05940g";"log(pH8/pH4)";"-2.02e-01";"CAGL0D05940g - -2.02e-01"
"121";"CAGL0D06402g";"log(pH8/pH4)";"7.75e-01";"CAGL0D06402g - 7.75e-01"
"122";"CAGL0D06424g";"log(pH8/pH4)";"-1.95e-01";"CAGL0D06424g - -1.95e-01"
"123";"CAGL0D06600g";"log(pH8/pH4)";"1.63e-01";"CAGL0D06600g - 1.63e-01"
"124";"CAGL0E00737g";"log(pH8/pH4)";"-2.73e-02";"CAGL0E00737g - -2.73e-02"
"125";"CAGL0E00803g";"log(pH8/pH4)";"1.42e+00";"CAGL0E00803g - 1.42e+00"
"126";"CAGL0E01155g";"log(pH8/pH4)";"-7.47e-01";"CAGL0E01155g - -7.47e-01"
"127";"CAGL0E01243g";"log(pH8/pH4)";"1.46e+00";"CAGL0E01243g - 1.46e+00"
"128";"CAGL0E01287g";"log(pH8/pH4)";"-5.67e-01";"CAGL0E01287g - -5.67e-01"
"129";"CAGL0E01705g";"log(pH8/pH4)";"3.59e+00";"CAGL0E01705g - 3.59e+00"
"130";"CAGL0E01727g";"log(pH8/pH4)";"2.44e+00";"CAGL0E01727g - 2.44e+00"
"131";"CAGL0E01771g";"log(pH8/pH4)";"-1.62e+00";"CAGL0E01771g - -1.62e+00"
"132";"CAGL0E01793g";"log(pH8/pH4)";"2.70e+00";"CAGL0E01793g - 2.70e+00"
"133";"CAGL0E01815g";"log(pH8/pH4)";"-5.21e-01";"CAGL0E01815g - -5.21e-01"
"134";"CAGL0E01837g";"log(pH8/pH4)";"-1.31e+00";"CAGL0E01837g - -1.31e+00"
"135";"CAGL0E01881g";"log(pH8/pH4)";"-6.61e-02";"CAGL0E01881g - -6.61e-02"
"136";"CAGL0E01991g";"log(pH8/pH4)";"-5.94e-02";"CAGL0E01991g - -5.94e-02"
"137";"CAGL0E02013g";"log(pH8/pH4)";"2.77e-02";"CAGL0E02013g - 2.77e-02"
"138";"CAGL0E02255g";"log(pH8/pH4)";"-2.04e+00";"CAGL0E02255g - -2.04e+00"
"139";"CAGL0E02651g";"log(pH8/pH4)";"-7.20e-01";"CAGL0E02651g - -7.20e-01"
"140";"CAGL0E03025g";"log(pH8/pH4)";" NA";"CAGL0E03025g -  NA"
"141";"CAGL0E03289g";"log(pH8/pH4)";"-3.67e-01";"CAGL0E03289g - -3.67e-01"
"142";"CAGL0E03520g";"log(pH8/pH4)";"1.49e-01";"CAGL0E03520g - 1.49e-01"
"143";"CAGL0E03850g";"log(pH8/pH4)";"1.90e+00";"CAGL0E03850g - 1.90e+00"
"144";"CAGL0E03916g";"log(pH8/pH4)";"6.94e-01";"CAGL0E03916g - 6.94e-01"
"145";"CAGL0E03938g";"log(pH8/pH4)";"-2.85e-01";"CAGL0E03938g - -2.85e-01"
"146";"CAGL0E04092g";"log(pH8/pH4)";"1.62e+00";"CAGL0E04092g - 1.62e+00"
"147";"CAGL0E04224g";"log(pH8/pH4)";"-1.14e+00";"CAGL0E04224g - -1.14e+00"
"148";"CAGL0E04334g";"log(pH8/pH4)";"-8.25e-01";"CAGL0E04334g - -8.25e-01"
"149";"CAGL0E04510g";"log(pH8/pH4)";"9.16e-01";"CAGL0E04510g - 9.16e-01"
"150";"CAGL0E04548g";"log(pH8/pH4)";"1.39e+00";"CAGL0E04548g - 1.39e+00"
"151";"CAGL0E04554g";"log(pH8/pH4)";"-3.05e+00";"CAGL0E04554g - -3.05e+00"
"152";"CAGL0E04884g";"log(pH8/pH4)";"2.49e-01";"CAGL0E04884g - 2.49e-01"
"153";"CAGL0E04994g";"log(pH8/pH4)";"-3.44e-01";"CAGL0E04994g - -3.44e-01"
"154";"CAGL0E05148g";"log(pH8/pH4)";"1.23e+00";"CAGL0E05148g - 1.23e+00"
"155";"CAGL0E05170g";"log(pH8/pH4)";"2.39e+00";"CAGL0E05170g - 2.39e+00"
"156";"CAGL0E05346g";"log(pH8/pH4)";"6.51e-01";"CAGL0E05346g - 6.51e-01"
"157";"CAGL0E05456g";"log(pH8/pH4)";"-2.35e+00";"CAGL0E05456g - -2.35e+00"
"158";"CAGL0E05500g";"log(pH8/pH4)";"-2.79e-01";"CAGL0E05500g - -2.79e-01"
"159";"CAGL0E05588g";"log(pH8/pH4)";"-1.12e+00";"CAGL0E05588g - -1.12e+00"
"160";"CAGL0E05654g";"log(pH8/pH4)";"-9.90e-01";"CAGL0E05654g - -9.90e-01"
"161";"CAGL0E05830g";"log(pH8/pH4)";"-1.67e-01";"CAGL0E05830g - -1.67e-01"
"162";"CAGL0E06072g";"log(pH8/pH4)";"1.10e+00";"CAGL0E06072g - 1.10e+00"
"163";"CAGL0E06116g";"log(pH8/pH4)";"7.66e-01";"CAGL0E06116g - 7.66e-01"
"164";"CAGL0E06138g";"log(pH8/pH4)";"-2.13e-01";"CAGL0E06138g - -2.13e-01"
"165";"CAGL0E06380g";"log(pH8/pH4)";"1.83e+00";"CAGL0E06380g - 1.83e+00"
"166";"CAGL0E06424g";"log(pH8/pH4)";"1.03e+00";"CAGL0E06424g - 1.03e+00"
"167";"CAGL0F00187g";"log(pH8/pH4)";"8.03e-02";"CAGL0F00187g - 8.03e-02"
"168";"CAGL0F00209g";"log(pH8/pH4)";"-3.85e+00";"CAGL0F00209g - -3.85e+00"
"169";"CAGL0F00231g";"log(pH8/pH4)";"-1.01e+00";"CAGL0F00231g - -1.01e+00"
"170";"CAGL0F00407g";"log(pH8/pH4)";"-1.72e+00";"CAGL0F00407g - -1.72e+00"
"171";"CAGL0F00429g";"log(pH8/pH4)";"-3.83e-01";"CAGL0F00429g - -3.83e-01"
"172";"CAGL0F00605g";"log(pH8/pH4)";"1.64e+00";"CAGL0F00605g - 1.64e+00"
"173";"CAGL0F00649g";"log(pH8/pH4)";"-2.03e+00";"CAGL0F00649g - -2.03e+00"
"174";"CAGL0F00715g";"log(pH8/pH4)";"1.09e+00";"CAGL0F00715g - 1.09e+00"
"175";"CAGL0F01045g";"log(pH8/pH4)";"-2.88e-01";"CAGL0F01045g - -2.88e-01"
"176";"CAGL0F01265g";"log(pH8/pH4)";"-6.14e-01";"CAGL0F01265g - -6.14e-01"
"177";"CAGL0F01419g";"log(pH8/pH4)";"3.51e+00";"CAGL0F01419g - 3.51e+00"
"178";"CAGL0F01463g";"log(pH8/pH4)";"1.74e+00";"CAGL0F01463g - 1.74e+00"
"179";"CAGL0F01485g";"log(pH8/pH4)";"7.25e+00";"CAGL0F01485g - 7.25e+00"
"180";"CAGL0F01749g";"log(pH8/pH4)";"-1.20e+00";"CAGL0F01749g - -1.20e+00"
"181";"CAGL0F02101g";"log(pH8/pH4)";"1.49e+00";"CAGL0F02101g - 1.49e+00"
"182";"CAGL0F02145g";"log(pH8/pH4)";"-6.76e-02";"CAGL0F02145g - -6.76e-02"
"183";"CAGL0F02233g";"log(pH8/pH4)";"-1.10e+00";"CAGL0F02233g - -1.10e+00"
"184";"CAGL0F02431g";"log(pH8/pH4)";"-3.15e+00";"CAGL0F02431g - -3.15e+00"
"185";"CAGL0F02513g";"log(pH8/pH4)";"-3.84e-02";"CAGL0F02513g - -3.84e-02"
"186";"CAGL0F02563g";"log(pH8/pH4)";"-1.21e+00";"CAGL0F02563g - -1.21e+00"
"187";"CAGL0F03399g";"log(pH8/pH4)";"-1.45e+00";"CAGL0F03399g - -1.45e+00"
"188";"CAGL0F03553g";"log(pH8/pH4)";"-5.24e-01";"CAGL0F03553g - -5.24e-01"
"189";"CAGL0F03861g";"log(pH8/pH4)";"-2.28e-01";"CAGL0F03861g - -2.28e-01"
"190";"CAGL0F03927g";"log(pH8/pH4)";"-1.58e-01";"CAGL0F03927g - -1.58e-01"
"191";"CAGL0F03993g";"log(pH8/pH4)";"3.92e-01";"CAGL0F03993g - 3.92e-01"
"192";"CAGL0F04191g";"log(pH8/pH4)";"-1.72e-01";"CAGL0F04191g - -1.72e-01"
"193";"CAGL0F04213g";"log(pH8/pH4)";"-2.32e-01";"CAGL0F04213g - -2.32e-01"
"194";"CAGL0F04411g";"log(pH8/pH4)";"7.42e-02";"CAGL0F04411g - 7.42e-02"
"195";"CAGL0F04565g";"log(pH8/pH4)";"-1.35e+00";"CAGL0F04565g - -1.35e+00"
"196";"CAGL0F04631g";"log(pH8/pH4)";"-4.32e+00";"CAGL0F04631g - -4.32e+00"
"197";"CAGL0F04719g";"log(pH8/pH4)";"1.44e+00";"CAGL0F04719g - 1.44e+00"
"198";"CAGL0F04807g";"log(pH8/pH4)";"1.09e+00";"CAGL0F04807g - 1.09e+00"
"199";"CAGL0F04895g";"log(pH8/pH4)";"1.49e+00";"CAGL0F04895g - 1.49e+00"
"200";"CAGL0F04917g";"log(pH8/pH4)";"2.50e-02";"CAGL0F04917g - 2.50e-02"
"201";"CAGL0F05071g";"log(pH8/pH4)";"-1.90e-01";"CAGL0F05071g - -1.90e-01"
"202";"CAGL0F05093g";"log(pH8/pH4)";"1.28e-02";"CAGL0F05093g - 1.28e-02"
"203";"CAGL0F05687g";"log(pH8/pH4)";"1.18e+00";"CAGL0F05687g - 1.18e+00"
"204";"CAGL0F05709g";"log(pH8/pH4)";"3.38e-01";"CAGL0F05709g - 3.38e-01"
"205";"CAGL0F05863g";"log(pH8/pH4)";"1.69e+00";"CAGL0F05863g - 1.69e+00"
"206";"CAGL0F06413g";"log(pH8/pH4)";"-1.01e+00";"CAGL0F06413g - -1.01e+00"
"207";"CAGL0F06501g";"log(pH8/pH4)";"4.18e-01";"CAGL0F06501g - 4.18e-01"
"208";"CAGL0F06677g";"log(pH8/pH4)";"2.30e+00";"CAGL0F06677g - 2.30e+00"
"209";"CAGL0F07029g";"log(pH8/pH4)";"-2.19e-02";"CAGL0F07029g - -2.19e-02"
"210";"CAGL0F07117g";"log(pH8/pH4)";"4.23e-01";"CAGL0F07117g - 4.23e-01"
"211";"CAGL0F07513g";"log(pH8/pH4)";"2.11e-01";"CAGL0F07513g - 2.11e-01"
"212";"CAGL0F07865g";"log(pH8/pH4)";"2.89e+00";"CAGL0F07865g - 2.89e+00"
"213";"CAGL0F07953g";"log(pH8/pH4)";"6.63e-01";"CAGL0F07953g - 6.63e-01"
"214";"CAGL0F08019g";"log(pH8/pH4)";"-4.79e-01";"CAGL0F08019g - -4.79e-01"
"215";"CAGL0F08085g";"log(pH8/pH4)";"9.04e-01";"CAGL0F08085g - 9.04e-01"
"216";"CAGL0F08195g";"log(pH8/pH4)";"-4.08e+00";"CAGL0F08195g - -4.08e+00"
"217";"CAGL0F08217g";"log(pH8/pH4)";"-2.64e+00";"CAGL0F08217g - -2.64e+00"
"218";"CAGL0F08261g";"log(pH8/pH4)";"2.91e+00";"CAGL0F08261g - 2.91e+00"
"219";"CAGL0F08745g";"log(pH8/pH4)";"8.88e-01";"CAGL0F08745g - 8.88e-01"
"220";"CAGL0G01122g";"log(pH8/pH4)";"3.50e-02";"CAGL0G01122g - 3.50e-02"
"221";"CAGL0G01166g";"log(pH8/pH4)";"-1.62e-01";"CAGL0G01166g - -1.62e-01"
"222";"CAGL0G01540g";"log(pH8/pH4)";"-5.59e-01";"CAGL0G01540g - -5.59e-01"
"223";"CAGL0G01826g";"log(pH8/pH4)";"-1.48e-01";"CAGL0G01826g - -1.48e-01"
"224";"CAGL0G02255g";"log(pH8/pH4)";"1.87e+00";"CAGL0G02255g - 1.87e+00"
"225";"CAGL0G02409g";"log(pH8/pH4)";"4.01e-01";"CAGL0G02409g - 4.01e-01"
"226";"CAGL0G02563g";"log(pH8/pH4)";"2.00e+00";"CAGL0G02563g - 2.00e+00"
"227";"CAGL0G02585g";"log(pH8/pH4)";"-2.00e+00";"CAGL0G02585g - -2.00e+00"
"228";"CAGL0G02849g";"log(pH8/pH4)";"6.63e-01";"CAGL0G02849g - 6.63e-01"
"229";"CAGL0G02937g";"log(pH8/pH4)";"6.24e-01";"CAGL0G02937g - 6.24e-01"
"230";"CAGL0G03289g";"log(pH8/pH4)";"6.68e-01";"CAGL0G03289g - 6.68e-01"
"231";"CAGL0G03575g";"log(pH8/pH4)";"-8.26e-02";"CAGL0G03575g - -8.26e-02"
"232";"CAGL0G03883g";"log(pH8/pH4)";"6.52e-01";"CAGL0G03883g - 6.52e-01"
"233";"CAGL0G03905g";"log(pH8/pH4)";"1.43e+00";"CAGL0G03905g - 1.43e+00"
"234";"CAGL0G04433g";"log(pH8/pH4)";"-1.07e+00";"CAGL0G04433g - -1.07e+00"
"235";"CAGL0G04499g";"log(pH8/pH4)";"1.58e-01";"CAGL0G04499g - 1.58e-01"
"236";"CAGL0G04763g";"log(pH8/pH4)";"-1.03e+00";"CAGL0G04763g - -1.03e+00"
"237";"CAGL0G05566g";"log(pH8/pH4)";"1.49e+00";"CAGL0G05566g - 1.49e+00"
"238";"CAGL0G05698g";"log(pH8/pH4)";"1.04e+00";"CAGL0G05698g - 1.04e+00"
"239";"CAGL0G05764g";"log(pH8/pH4)";"-7.08e-01";"CAGL0G05764g - -7.08e-01"
"240";"CAGL0G05830g";"log(pH8/pH4)";"1.24e+00";"CAGL0G05830g - 1.24e+00"
"241";"CAGL0G05874g";"log(pH8/pH4)";"1.76e-02";"CAGL0G05874g - 1.76e-02"
"242";"CAGL0G05962g";"log(pH8/pH4)";"1.13e+00";"CAGL0G05962g - 1.13e+00"
"243";"CAGL0G06006g";"log(pH8/pH4)";"6.93e-01";"CAGL0G06006g - 6.93e-01"
"244";"CAGL0G06050g";"log(pH8/pH4)";"-3.42e+00";"CAGL0G06050g - -3.42e+00"
"245";"CAGL0G06248g";"log(pH8/pH4)";"-1.64e+00";"CAGL0G06248g - -1.64e+00"
"246";"CAGL0G06402g";"log(pH8/pH4)";"-1.80e+00";"CAGL0G06402g - -1.80e+00"
"247";"CAGL0G06468g";"log(pH8/pH4)";"-8.86e-01";"CAGL0G06468g - -8.86e-01"
"248";"CAGL0G06490g";"log(pH8/pH4)";"-1.12e-01";"CAGL0G06490g - -1.12e-01"
"249";"CAGL0G06732g";"log(pH8/pH4)";"-4.23e-01";"CAGL0G06732g - -4.23e-01"
"250";"CAGL0G06798g";"log(pH8/pH4)";"7.18e+00";"CAGL0G06798g - 7.18e+00"
"251";"CAGL0G06952g";"log(pH8/pH4)";"1.07e-01";"CAGL0G06952g - 1.07e-01"
"252";"CAGL0G07106g";"log(pH8/pH4)";"-2.65e-01";"CAGL0G07106g - -2.65e-01"
"253";"CAGL0G07711g";"log(pH8/pH4)";"3.16e-02";"CAGL0G07711g - 3.16e-02"
"254";"CAGL0G07821g";"log(pH8/pH4)";"8.42e-01";"CAGL0G07821g - 8.42e-01"
"255";"CAGL0G08019g";"log(pH8/pH4)";"-9.81e-01";"CAGL0G08019g - -9.81e-01"
"256";"CAGL0G08041g";"log(pH8/pH4)";"-1.44e+00";"CAGL0G08041g - -1.44e+00"
"257";"CAGL0G08712g";"log(pH8/pH4)";"-2.89e-01";"CAGL0G08712g - -2.89e-01"
"258";"CAGL0G08734g";"log(pH8/pH4)";"8.56e-02";"CAGL0G08734g - 8.56e-02"
"259";"CAGL0G09064g";"log(pH8/pH4)";"3.37e+00";"CAGL0G09064g - 3.37e+00"
"260";"CAGL0G09130g";"log(pH8/pH4)";"1.22e-02";"CAGL0G09130g - 1.22e-02"
"261";"CAGL0G09383g";"log(pH8/pH4)";"6.65e-01";"CAGL0G09383g - 6.65e-01"
"262";"CAGL0G09691g";"log(pH8/pH4)";"-2.43e-01";"CAGL0G09691g - -2.43e-01"
"263";"CAGL0G09977g";"log(pH8/pH4)";"1.60e+00";"CAGL0G09977g - 1.60e+00"
"264";"CAGL0G10131g";"log(pH8/pH4)";"-1.37e+00";"CAGL0G10131g - -1.37e+00"
"265";"CAGL0G10153g";"log(pH8/pH4)";"-1.77e+00";"CAGL0G10153g - -1.77e+00"
"266";"CAGL0G10175g";"log(pH8/pH4)";"5.17e+00";"CAGL0G10175g - 5.17e+00"
"267";"CAGL0H00418g";"log(pH8/pH4)";"8.41e-02";"CAGL0H00418g - 8.41e-02"
"268";"CAGL0H00440g";"log(pH8/pH4)";"-2.96e-01";"CAGL0H00440g - -2.96e-01"
"269";"CAGL0H00506g";"log(pH8/pH4)";"4.64e-01";"CAGL0H00506g - 4.64e-01"
"270";"CAGL0H00572g";"log(pH8/pH4)";"9.29e-01";"CAGL0H00572g - 9.29e-01"
"271";"CAGL0H00594g";"log(pH8/pH4)";"9.35e-01";"CAGL0H00594g - 9.35e-01"
"272";"CAGL0H00682g";"log(pH8/pH4)";"1.66e+00";"CAGL0H00682g - 1.66e+00"
"273";"CAGL0H00704g";"log(pH8/pH4)";"1.64e+00";"CAGL0H00704g - 1.64e+00"
"274";"CAGL0H00825g";"log(pH8/pH4)";"2.20e+00";"CAGL0H00825g - 2.20e+00"
"275";"CAGL0H02101g";"log(pH8/pH4)";"2.07e+00";"CAGL0H02101g - 2.07e+00"
"276";"CAGL0H02387g";"log(pH8/pH4)";"1.07e+00";"CAGL0H02387g - 1.07e+00"
"277";"CAGL0H02491g";"log(pH8/pH4)";"-1.69e+00";"CAGL0H02491g - -1.69e+00"
"278";"CAGL0H02563g";"log(pH8/pH4)";"-2.17e+00";"CAGL0H02563g - -2.17e+00"
"279";"CAGL0H02585g";"log(pH8/pH4)";"2.32e+00";"CAGL0H02585g - 2.32e+00"
"280";"CAGL0H02893g";"log(pH8/pH4)";"1.09e+00";"CAGL0H02893g - 1.09e+00"
"281";"CAGL0H02959g";"log(pH8/pH4)";"-9.62e-01";"CAGL0H02959g - -9.62e-01"
"282";"CAGL0H03179g";"log(pH8/pH4)";"1.08e-02";"CAGL0H03179g - 1.08e-02"
"283";"CAGL0H03487g";"log(pH8/pH4)";"8.66e-01";"CAGL0H03487g - 8.66e-01"
"284";"CAGL0H03751g";"log(pH8/pH4)";"-2.56e-01";"CAGL0H03751g - -2.56e-01"
"285";"CAGL0H03795g";"log(pH8/pH4)";"1.96e+00";"CAGL0H03795g - 1.96e+00"
"286";"CAGL0H03993g";"log(pH8/pH4)";"3.85e-01";"CAGL0H03993g - 3.85e-01"
"287";"CAGL0H04037g";"log(pH8/pH4)";"1.81e+00";"CAGL0H04037g - 1.81e+00"
"288";"CAGL0H04081g";"log(pH8/pH4)";"8.30e-02";"CAGL0H04081g - 8.30e-02"
"289";"CAGL0H04125g";"log(pH8/pH4)";"6.11e-01";"CAGL0H04125g - 6.11e-01"
"290";"CAGL0H04191g";"log(pH8/pH4)";"-8.10e-02";"CAGL0H04191g - -8.10e-02"
"291";"CAGL0H04851g";"log(pH8/pH4)";"-3.07e+00";"CAGL0H04851g - -3.07e+00"
"292";"CAGL0H04939g";"log(pH8/pH4)";"1.90e-01";"CAGL0H04939g - 1.90e-01"
"293";"CAGL0H05137g";"log(pH8/pH4)";"-5.10e-02";"CAGL0H05137g - -5.10e-02"
"294";"CAGL0H05445g";"log(pH8/pH4)";"1.18e+00";"CAGL0H05445g - 1.18e+00"
"295";"CAGL0H05643g";"log(pH8/pH4)";"-1.25e-01";"CAGL0H05643g - -1.25e-01"
"296";"CAGL0H06545g";"log(pH8/pH4)";"3.66e+00";"CAGL0H06545g - 3.66e+00"
"297";"CAGL0H06699g";"log(pH8/pH4)";"1.57e+00";"CAGL0H06699g - 1.57e+00"
"298";"CAGL0H06787g";"log(pH8/pH4)";"1.35e+00";"CAGL0H06787g - 1.35e+00"
"299";"CAGL0H07051g";"log(pH8/pH4)";"-1.56e-01";"CAGL0H07051g - -1.56e-01"
"300";"CAGL0H07337g";"log(pH8/pH4)";"-2.50e-01";"CAGL0H07337g - -2.50e-01"
"301";"CAGL0H07579g";"log(pH8/pH4)";"-8.90e-01";"CAGL0H07579g - -8.90e-01"
"302";"CAGL0H07887g";"log(pH8/pH4)";"-8.09e-01";"CAGL0H07887g - -8.09e-01"
"303";"CAGL0H08063g";"log(pH8/pH4)";"9.62e-01";"CAGL0H08063g - 9.62e-01"
"304";"CAGL0H08261g";"log(pH8/pH4)";"1.28e+00";"CAGL0H08261g - 1.28e+00"
"305";"CAGL0H08541g";"log(pH8/pH4)";"2.97e-01";"CAGL0H08541g - 2.97e-01"
"306";"CAGL0H08624g";"log(pH8/pH4)";"4.88e-01";"CAGL0H08624g - 4.88e-01"
"307";"CAGL0H08822g";"log(pH8/pH4)";"-1.06e+00";"CAGL0H08822g - -1.06e+00"
"308";"CAGL0H08844g";"log(pH8/pH4)";"1.56e+00";"CAGL0H08844g - 1.56e+00"
"309";"CAGL0H09064g";"log(pH8/pH4)";"1.36e+00";"CAGL0H09064g - 1.36e+00"
"310";"CAGL0H09460g";"log(pH8/pH4)";"5.88e-01";"CAGL0H09460g - 5.88e-01"
"311";"CAGL0H09592g";"log(pH8/pH4)";"3.66e+00";"CAGL0H09592g - 3.66e+00"
"312";"CAGL0H09614g";"log(pH8/pH4)";"4.50e+00";"CAGL0H09614g - 4.50e+00"
"313";"CAGL0H09944g";"log(pH8/pH4)";"2.42e+00";"CAGL0H09944g - 2.42e+00"
"314";"CAGL0H09966g";"log(pH8/pH4)";"3.31e+00";"CAGL0H09966g - 3.31e+00"
"315";"CAGL0H10010g";"log(pH8/pH4)";"4.93e+00";"CAGL0H10010g - 4.93e+00"
"316";"CAGL0H10076g";"log(pH8/pH4)";"2.81e+00";"CAGL0H10076g - 2.81e+00"
"317";"CAGL0H10142g";"log(pH8/pH4)";"-1.01e+00";"CAGL0H10142g - -1.01e+00"
"318";"CAGL0I00286g";"log(pH8/pH4)";"1.49e+00";"CAGL0I00286g - 1.49e+00"
"319";"CAGL0I00462g";"log(pH8/pH4)";"-2.14e-01";"CAGL0I00462g - -2.14e-01"
"320";"CAGL0I00528g";"log(pH8/pH4)";"5.71e-01";"CAGL0I00528g - 5.71e-01"
"321";"CAGL0I00550g";"log(pH8/pH4)";"7.80e-01";"CAGL0I00550g - 7.80e-01"
"322";"CAGL0I00748g";"log(pH8/pH4)";"-1.63e+00";"CAGL0I00748g - -1.63e+00"
"323";"CAGL0I00792g";"log(pH8/pH4)";"-1.57e-02";"CAGL0I00792g - -1.57e-02"
"324";"CAGL0I00814g";"log(pH8/pH4)";"-1.14e-01";"CAGL0I00814g - -1.14e-01"
"325";"CAGL0I01100g";"log(pH8/pH4)";"1.16e+00";"CAGL0I01100g - 1.16e+00"
"326";"CAGL0I01166g";"log(pH8/pH4)";"2.96e+00";"CAGL0I01166g - 2.96e+00"
"327";"CAGL0I01276g";"log(pH8/pH4)";"-7.06e-01";"CAGL0I01276g - -7.06e-01"
"328";"CAGL0I01298g";"log(pH8/pH4)";"-8.64e-01";"CAGL0I01298g - -8.64e-01"
"329";"CAGL0I01408g";"log(pH8/pH4)";"-2.35e+00";"CAGL0I01408g - -2.35e+00"
"330";"CAGL0I01980g";"log(pH8/pH4)";"7.27e-01";"CAGL0I01980g - 7.27e-01"
"331";"CAGL0I02024g";"log(pH8/pH4)";"-7.28e-01";"CAGL0I02024g - -7.28e-01"
"332";"CAGL0I02134g";"log(pH8/pH4)";"-3.18e-01";"CAGL0I02134g - -3.18e-01"
"333";"CAGL0I02486g";"log(pH8/pH4)";"6.72e-01";"CAGL0I02486g - 6.72e-01"
"334";"CAGL0I02508g";"log(pH8/pH4)";" NA";"CAGL0I02508g -  NA"
"335";"CAGL0I02530g";"log(pH8/pH4)";"-1.09e+00";"CAGL0I02530g - -1.09e+00"
"336";"CAGL0I02728g";"log(pH8/pH4)";"-3.91e-02";"CAGL0I02728g - -3.91e-02"
"337";"CAGL0I03036g";"log(pH8/pH4)";"-6.26e-02";"CAGL0I03036g - -6.26e-02"
"338";"CAGL0I03080g";"log(pH8/pH4)";"1.17e+00";"CAGL0I03080g - 1.17e+00"
"339";"CAGL0I03190g";"log(pH8/pH4)";"-1.49e+00";"CAGL0I03190g - -1.49e+00"
"340";"CAGL0I03234g";"log(pH8/pH4)";"-4.32e-01";"CAGL0I03234g - -4.32e-01"
"341";"CAGL0I03366g";"log(pH8/pH4)";"-1.33e-01";"CAGL0I03366g - -1.33e-01"
"342";"CAGL0I04004g";"log(pH8/pH4)";"9.21e-01";"CAGL0I04004g - 9.21e-01"
"343";"CAGL0I04048g";"log(pH8/pH4)";"2.04e+00";"CAGL0I04048g - 2.04e+00"
"344";"CAGL0I04328g";"log(pH8/pH4)";"2.43e+00";"CAGL0I04328g - 2.43e+00"
"345";"CAGL0I04334g";"log(pH8/pH4)";"-1.97e-01";"CAGL0I04334g - -1.97e-01"
"346";"CAGL0I04444g";"log(pH8/pH4)";"-1.08e+00";"CAGL0I04444g - -1.08e+00"
"347";"CAGL0I04686g";"log(pH8/pH4)";"1.23e-01";"CAGL0I04686g - 1.23e-01"
"348";"CAGL0I04730g";"log(pH8/pH4)";"-1.84e-01";"CAGL0I04730g - -1.84e-01"
"349";"CAGL0I04752g";"log(pH8/pH4)";"-1.32e+00";"CAGL0I04752g - -1.32e+00"
"350";"CAGL0I04906g";"log(pH8/pH4)";"8.77e-01";"CAGL0I04906g - 8.77e-01"
"351";"CAGL0I04972g";"log(pH8/pH4)";"4.51e-01";"CAGL0I04972g - 4.51e-01"
"352";"CAGL0I04994g";"log(pH8/pH4)";"1.62e-01";"CAGL0I04994g - 1.62e-01"
"353";"CAGL0I05060g";"log(pH8/pH4)";"9.98e-01";"CAGL0I05060g - 9.98e-01"
"354";"CAGL0I05390g";"log(pH8/pH4)";"-9.87e-01";"CAGL0I05390g - -9.87e-01"
"355";"CAGL0I05610g";"log(pH8/pH4)";"-2.14e-01";"CAGL0I05610g - -2.14e-01"
"356";"CAGL0I05874g";"log(pH8/pH4)";"4.10e-01";"CAGL0I05874g - 4.10e-01"
"357";"CAGL0I05934g";"log(pH8/pH4)";"1.04e+00";"CAGL0I05934g - 1.04e+00"
"358";"CAGL0I06006g";"log(pH8/pH4)";"-3.47e-01";"CAGL0I06006g - -3.47e-01"
"359";"CAGL0I06050g";"log(pH8/pH4)";"-2.05e+00";"CAGL0I06050g - -2.05e+00"
"360";"CAGL0I06182g";"log(pH8/pH4)";"2.34e+00";"CAGL0I06182g - 2.34e+00"
"361";"CAGL0I06644g";"log(pH8/pH4)";"-3.91e+00";"CAGL0I06644g - -3.91e+00"
"362";"CAGL0I06743g";"log(pH8/pH4)";"-1.05e-01";"CAGL0I06743g - -1.05e-01"
"363";"CAGL0I06831g";"log(pH8/pH4)";"-5.27e-01";"CAGL0I06831g - -5.27e-01"
"364";"CAGL0I07249g";"log(pH8/pH4)";"-1.70e+00";"CAGL0I07249g - -1.70e+00"
"365";"CAGL0I07491g";"log(pH8/pH4)";"-2.86e-02";"CAGL0I07491g - -2.86e-02"
"366";"CAGL0I07843g";"log(pH8/pH4)";"1.09e+00";"CAGL0I07843g - 1.09e+00"
"367";"CAGL0I07887g";"log(pH8/pH4)";"1.17e+00";"CAGL0I07887g - 1.17e+00"
"368";"CAGL0I07969g";"log(pH8/pH4)";" NA";"CAGL0I07969g -  NA"
"369";"CAGL0I08305g";"log(pH8/pH4)";"9.44e-01";"CAGL0I08305g - 9.44e-01"
"370";"CAGL0I08503g";"log(pH8/pH4)";"-7.17e-01";"CAGL0I08503g - -7.17e-01"
"371";"CAGL0I08547g";"log(pH8/pH4)";"-1.51e+00";"CAGL0I08547g - -1.51e+00"
"372";"CAGL0I08987g";"log(pH8/pH4)";"-2.79e-01";"CAGL0I08987g - -2.79e-01"
"373";"CAGL0I09009g";"log(pH8/pH4)";"-2.34e-01";"CAGL0I09009g - -2.34e-01"
"374";"CAGL0I09086g";"log(pH8/pH4)";"1.12e+00";"CAGL0I09086g - 1.12e+00"
"375";"CAGL0I09284g";"log(pH8/pH4)";"-4.73e-01";"CAGL0I09284g - -4.73e-01"
"376";"CAGL0I09328g";"log(pH8/pH4)";"1.19e+00";"CAGL0I09328g - 1.19e+00"
"377";"CAGL0I09504g";"log(pH8/pH4)";"-5.46e-01";"CAGL0I09504g - -5.46e-01"
"378";"CAGL0I09702g";"log(pH8/pH4)";"-1.23e+00";"CAGL0I09702g - -1.23e+00"
"379";"CAGL0I09724g";"log(pH8/pH4)";"-2.19e+00";"CAGL0I09724g - -2.19e+00"
"380";"CAGL0I09790g";"log(pH8/pH4)";"-3.37e-01";"CAGL0I09790g - -3.37e-01"
"381";"CAGL0I10010g";"log(pH8/pH4)";"-2.75e+00";"CAGL0I10010g - -2.75e+00"
"382";"CAGL0I10147g";"log(pH8/pH4)";"-5.59e-01";"CAGL0I10147g - -5.59e-01"
"383";"CAGL0I10384g";"log(pH8/pH4)";"-2.55e-01";"CAGL0I10384g - -2.55e-01"
"384";"CAGL0I10406g";"log(pH8/pH4)";"9.20e-01";"CAGL0I10406g - 9.20e-01"
"385";"CAGL0I10472g";"log(pH8/pH4)";"8.11e-01";"CAGL0I10472g - 8.11e-01"
"386";"CAGL0I10670g";"log(pH8/pH4)";"-4.55e-01";"CAGL0I10670g - -4.55e-01"
"387";"CAGL0I10747g";"log(pH8/pH4)";"-1.89e+00";"CAGL0I10747g - -1.89e+00"
"388";"CAGL0I10791g";"log(pH8/pH4)";"-1.00e+00";"CAGL0I10791g - -1.00e+00"
"389";"CAGL0J00363g";"log(pH8/pH4)";"-6.43e-01";"CAGL0J00363g - -6.43e-01"
"390";"CAGL0J00429g";"log(pH8/pH4)";"-1.94e+00";"CAGL0J00429g - -1.94e+00"
"391";"CAGL0J00451g";"log(pH8/pH4)";"5.12e+00";"CAGL0J00451g - 5.12e+00"
"392";"CAGL0J00473g";"log(pH8/pH4)";"-3.27e-01";"CAGL0J00473g - -3.27e-01"
"393";"CAGL0J00649g";"log(pH8/pH4)";"-3.15e-01";"CAGL0J00649g - -3.15e-01"
"394";"CAGL0J00847g";"log(pH8/pH4)";"1.13e+00";"CAGL0J00847g - 1.13e+00"
"395";"CAGL0J01045g";"log(pH8/pH4)";"-2.99e-01";"CAGL0J01045g - -2.99e-01"
"396";"CAGL0J01441g";"log(pH8/pH4)";"8.65e-01";"CAGL0J01441g - 8.65e-01"
"397";"CAGL0J01848g";"log(pH8/pH4)";"-1.38e-01";"CAGL0J01848g - -1.38e-01"
"398";"CAGL0J02112g";"log(pH8/pH4)";"4.37e-01";"CAGL0J02112g - 4.37e-01"
"399";"CAGL0J02530g";"log(pH8/pH4)";"-1.25e+00";"CAGL0J02530g - -1.25e+00"
"400";"CAGL0J02904g";"log(pH8/pH4)";"1.73e+00";"CAGL0J02904g - 1.73e+00"
"401";"CAGL0J03080g";"log(pH8/pH4)";"4.03e+00";"CAGL0J03080g - 4.03e+00"
"402";"CAGL0J03212g";"log(pH8/pH4)";"1.48e-01";"CAGL0J03212g - 1.48e-01"
"403";"CAGL0J03234g";"log(pH8/pH4)";"-1.24e-01";"CAGL0J03234g - -1.24e-01"
"404";"CAGL0J03762g";"log(pH8/pH4)";"2.45e-01";"CAGL0J03762g - 2.45e-01"
"405";"CAGL0J03806g";"log(pH8/pH4)";"-3.86e-01";"CAGL0J03806g - -3.86e-01"
"406";"CAGL0J03894g";"log(pH8/pH4)";"-1.42e+00";"CAGL0J03894g - -1.42e+00"
"407";"CAGL0J03916g";"log(pH8/pH4)";"3.65e+00";"CAGL0J03916g - 3.65e+00"
"408";"CAGL0J04004g";"log(pH8/pH4)";"-1.13e+00";"CAGL0J04004g - -1.13e+00"
"409";"CAGL0J04070g";"log(pH8/pH4)";"-1.20e-01";"CAGL0J04070g - -1.20e-01"
"410";"CAGL0J04202g";"log(pH8/pH4)";"-1.43e-01";"CAGL0J04202g - -1.43e-01"
"411";"CAGL0J04224g";"log(pH8/pH4)";"3.81e-01";"CAGL0J04224g - 3.81e-01"
"412";"CAGL0J04268g";"log(pH8/pH4)";"4.78e-01";"CAGL0J04268g - 4.78e-01"
"413";"CAGL0J04290g";"log(pH8/pH4)";"9.31e-01";"CAGL0J04290g - 9.31e-01"
"414";"CAGL0J04466g";"log(pH8/pH4)";"-7.82e-01";"CAGL0J04466g - -7.82e-01"
"415";"CAGL0J04576g";"log(pH8/pH4)";"-9.40e-01";"CAGL0J04576g - -9.40e-01"
"416";"CAGL0J04950g";"log(pH8/pH4)";"3.40e+00";"CAGL0J04950g - 3.40e+00"
"417";"CAGL0J05082g";"log(pH8/pH4)";"2.67e+00";"CAGL0J05082g - 2.67e+00"
"418";"CAGL0J05258g";"log(pH8/pH4)";"-1.46e-01";"CAGL0J05258g - -1.46e-01"
"419";"CAGL0J05390g";"log(pH8/pH4)";"-3.94e-01";"CAGL0J05390g - -3.94e-01"
"420";"CAGL0J05478g";"log(pH8/pH4)";"-4.23e-02";"CAGL0J05478g - -4.23e-02"
"421";"CAGL0J05852g";"log(pH8/pH4)";"1.49e+00";"CAGL0J05852g - 1.49e+00"
"422";"CAGL0J05984g";"log(pH8/pH4)";"-7.48e-01";"CAGL0J05984g - -7.48e-01"
"423";"CAGL0J06374g";"log(pH8/pH4)";"7.69e-02";"CAGL0J06374g - 7.69e-02"
"424";"CAGL0J06380g";"log(pH8/pH4)";"-1.71e-01";"CAGL0J06380g - -1.71e-01"
"425";"CAGL0J06666g";"log(pH8/pH4)";"-7.90e-01";"CAGL0J06666g - -7.90e-01"
"426";"CAGL0J07062g";"log(pH8/pH4)";"-2.94e+00";"CAGL0J07062g - -2.94e+00"
"427";"CAGL0J07568g";"log(pH8/pH4)";"1.22e+00";"CAGL0J07568g - 1.22e+00"
"428";"CAGL0J07678g";"log(pH8/pH4)";"-3.90e-01";"CAGL0J07678g - -3.90e-01"
"429";"CAGL0J07766g";"log(pH8/pH4)";"-3.59e-01";"CAGL0J07766g - -3.59e-01"
"430";"CAGL0J07980g";"log(pH8/pH4)";" NA";"CAGL0J07980g -  NA"
"431";"CAGL0J08547g";"log(pH8/pH4)";"-5.32e-01";"CAGL0J08547g - -5.32e-01"
"432";"CAGL0J08679g";"log(pH8/pH4)";"2.45e-01";"CAGL0J08679g - 2.45e-01"
"433";"CAGL0J09240g";"log(pH8/pH4)";"-8.71e-01";"CAGL0J09240g - -8.71e-01"
"434";"CAGL0J09262g";"log(pH8/pH4)";"1.17e+00";"CAGL0J09262g - 1.17e+00"
"435";"CAGL0J09328g";"log(pH8/pH4)";"-4.29e-01";"CAGL0J09328g - -4.29e-01"
"436";"CAGL0J09614g";"log(pH8/pH4)";"-2.52e-01";"CAGL0J09614g - -2.52e-01"
"437";"CAGL0J09724g";"log(pH8/pH4)";"1.34e-01";"CAGL0J09724g - 1.34e-01"
"438";"CAGL0J09812g";"log(pH8/pH4)";"1.03e+00";"CAGL0J09812g - 1.03e+00"
"439";"CAGL0J09944g";"log(pH8/pH4)";"8.13e-02";"CAGL0J09944g - 8.13e-02"
"440";"CAGL0J10010g";"log(pH8/pH4)";"-8.27e-01";"CAGL0J10010g - -8.27e-01"
"441";"CAGL0J10164g";"log(pH8/pH4)";"-1.26e-01";"CAGL0J10164g - -1.26e-01"
"442";"CAGL0J10362g";"log(pH8/pH4)";"-7.02e-01";"CAGL0J10362g - -7.02e-01"
"443";"CAGL0J10824g";"log(pH8/pH4)";"7.58e-01";"CAGL0J10824g - 7.58e-01"
"444";"CAGL0J10846g";"log(pH8/pH4)";"-1.38e+00";"CAGL0J10846g - -1.38e+00"
"445";"CAGL0J10978g";"log(pH8/pH4)";"1.85e-01";"CAGL0J10978g - 1.85e-01"
"446";"CAGL0J11132g";"log(pH8/pH4)";"9.74e-01";"CAGL0J11132g - 9.74e-01"
"447";"CAGL0J11682g";"log(pH8/pH4)";"-8.80e-01";"CAGL0J11682g - -8.80e-01"
"448";"CAGL0J11792g";"log(pH8/pH4)";"-3.70e-01";"CAGL0J11792g - -3.70e-01"
"449";"CAGL0J11858g";"log(pH8/pH4)";"1.50e-02";"CAGL0J11858g - 1.50e-02"
"450";"CAGL0K00110g";"log(pH8/pH4)";"3.85e-01";"CAGL0K00110g - 3.85e-01"
"451";"CAGL0K00715g";"log(pH8/pH4)";"-2.07e+00";"CAGL0K00715g - -2.07e+00"
"452";"CAGL0K00847g";"log(pH8/pH4)";"-2.15e-01";"CAGL0K00847g - -2.15e-01"
"453";"CAGL0K00869g";"log(pH8/pH4)";" NA";"CAGL0K00869g -  NA"
"454";"CAGL0K01177g";"log(pH8/pH4)";"5.72e-01";"CAGL0K01177g - 5.72e-01"
"455";"CAGL0K01749g";"log(pH8/pH4)";"9.52e-01";"CAGL0K01749g - 9.52e-01"
"456";"CAGL0K01771g";"log(pH8/pH4)";"4.11e-01";"CAGL0K01771g - 4.11e-01"
"457";"CAGL0K01859g";"log(pH8/pH4)";"-2.17e-01";"CAGL0K01859g - -2.17e-01"
"458";"CAGL0K02233g";"log(pH8/pH4)";"-4.66e-01";"CAGL0K02233g - -4.66e-01"
"459";"CAGL0K02409g";"log(pH8/pH4)";"-5.44e-01";"CAGL0K02409g - -5.44e-01"
"460";"CAGL0K02629g";"log(pH8/pH4)";"1.18e+00";"CAGL0K02629g - 1.18e+00"
"461";"CAGL0K02893g";"log(pH8/pH4)";"-1.19e+00";"CAGL0K02893g - -1.19e+00"
"462";"CAGL0K03091g";"log(pH8/pH4)";"-3.59e-01";"CAGL0K03091g - -3.59e-01"
"463";"CAGL0K03421g";"log(pH8/pH4)";"1.35e+00";"CAGL0K03421g - 1.35e+00"
"464";"CAGL0K03459g";"log(pH8/pH4)";"-1.54e+00";"CAGL0K03459g - -1.54e+00"
"465";"CAGL0K04103g";"log(pH8/pH4)";"-3.48e-01";"CAGL0K04103g - -3.48e-01"
"466";"CAGL0K04279g";"log(pH8/pH4)";"-1.25e+00";"CAGL0K04279g - -1.25e+00"
"467";"CAGL0K04301g";"log(pH8/pH4)";"-9.44e-01";"CAGL0K04301g - -9.44e-01"
"468";"CAGL0K04367g";"log(pH8/pH4)";"-3.34e-01";"CAGL0K04367g - -3.34e-01"
"469";"CAGL0K04499g";"log(pH8/pH4)";"-1.03e+00";"CAGL0K04499g - -1.03e+00"
"470";"CAGL0K04719g";"log(pH8/pH4)";"-6.67e-01";"CAGL0K04719g - -6.67e-01"
"471";"CAGL0K04851g";"log(pH8/pH4)";"5.65e-01";"CAGL0K04851g - 5.65e-01"
"472";"CAGL0K05137g";"log(pH8/pH4)";"3.89e+00";"CAGL0K05137g - 3.89e+00"
"473";"CAGL0K05247g";"log(pH8/pH4)";"9.53e-01";"CAGL0K05247g - 9.53e-01"
"474";"CAGL0K05357g";"log(pH8/pH4)";"-2.52e-01";"CAGL0K05357g - -2.52e-01"
"475";"CAGL0K05687g";"log(pH8/pH4)";"2.61e-01";"CAGL0K05687g - 2.61e-01"
"476";"CAGL0K05753g";"log(pH8/pH4)";"-7.71e-01";"CAGL0K05753g - -7.71e-01"
"477";"CAGL0K05813g";"log(pH8/pH4)";"1.32e-01";"CAGL0K05813g - 1.32e-01"
"478";"CAGL0K06061g";"log(pH8/pH4)";"-2.68e-01";"CAGL0K06061g - -2.68e-01"
"479";"CAGL0K06105g";"log(pH8/pH4)";"2.83e-01";"CAGL0K06105g - 2.83e-01"
"480";"CAGL0K06259g";"log(pH8/pH4)";"2.59e+00";"CAGL0K06259g - 2.59e+00"
"481";"CAGL0K06567g";"log(pH8/pH4)";"-2.48e-01";"CAGL0K06567g - -2.48e-01"
"482";"CAGL0K06633g";"log(pH8/pH4)";"7.87e-01";"CAGL0K06633g - 7.87e-01"
"483";"CAGL0K06677g";"log(pH8/pH4)";"4.61e-01";"CAGL0K06677g - 4.61e-01"
"484";"CAGL0K07111g";"log(pH8/pH4)";"2.73e-01";"CAGL0K07111g - 2.73e-01"
"485";"CAGL0K07183g";"log(pH8/pH4)";"-5.43e-01";"CAGL0K07183g - -5.43e-01"
"486";"CAGL0K07205g";"log(pH8/pH4)";"2.96e-01";"CAGL0K07205g - 2.96e-01"
"487";"CAGL0K07436g";"log(pH8/pH4)";"-1.28e-01";"CAGL0K07436g - -1.28e-01"
"488";"CAGL0K07480g";"log(pH8/pH4)";"1.52e+00";"CAGL0K07480g - 1.52e+00"
"489";"CAGL0K07546g";"log(pH8/pH4)";"-6.23e+00";"CAGL0K07546g - -6.23e+00"
"490";"CAGL0K07590g";"log(pH8/pH4)";"7.18e-01";"CAGL0K07590g - 7.18e-01"
"491";"CAGL0K07678g";"log(pH8/pH4)";"1.29e-01";"CAGL0K07678g - 1.29e-01"
"492";"CAGL0K08184g";"log(pH8/pH4)";"-2.30e+00";"CAGL0K08184g - -2.30e+00"
"493";"CAGL0K08206g";"log(pH8/pH4)";"6.01e-01";"CAGL0K08206g - 6.01e-01"
"494";"CAGL0K08338g";"log(pH8/pH4)";"-2.62e+00";"CAGL0K08338g - -2.62e+00"
"495";"CAGL0K08536g";"log(pH8/pH4)";"1.65e+00";"CAGL0K08536g - 1.65e+00"
"496";"CAGL0K08668g";"log(pH8/pH4)";"-4.43e+00";"CAGL0K08668g - -4.43e+00"
"497";"CAGL0K08756g";"log(pH8/pH4)";"2.29e+00";"CAGL0K08756g - 2.29e+00"
"498";"CAGL0K09042g";"log(pH8/pH4)";"-3.34e-01";"CAGL0K09042g - -3.34e-01"
"499";"CAGL0K09372g";"log(pH8/pH4)";"-1.04e+00";"CAGL0K09372g - -1.04e+00"
"500";"CAGL0K09702g";"log(pH8/pH4)";"2.13e+00";"CAGL0K09702g - 2.13e+00"
"501";"CAGL0K09724g";"log(pH8/pH4)";"-1.78e-02";"CAGL0K09724g - -1.78e-02"
"502";"CAGL0K09988g";"log(pH8/pH4)";"9.01e-01";"CAGL0K09988g - 9.01e-01"
"503";"CAGL0K10340g";"log(pH8/pH4)";"-7.10e-01";"CAGL0K10340g - -7.10e-01"
"504";"CAGL0K10362g";"log(pH8/pH4)";"-9.43e-01";"CAGL0K10362g - -9.43e-01"
"505";"CAGL0K10428g";"log(pH8/pH4)";"-1.85e-01";"CAGL0K10428g - -1.85e-01"
"506";"CAGL0K10736g";"log(pH8/pH4)";"1.74e+00";"CAGL0K10736g - 1.74e+00"
"507";"CAGL0K10780g";"log(pH8/pH4)";"-8.83e-01";"CAGL0K10780g - -8.83e-01"
"508";"CAGL0K10824g";"log(pH8/pH4)";"3.72e-01";"CAGL0K10824g - 3.72e-01"
"509";"CAGL0K10868g";"log(pH8/pH4)";"-7.01e-01";"CAGL0K10868g - -7.01e-01"
"510";"CAGL0K11231g";"log(pH8/pH4)";"1.77e-01";"CAGL0K11231g - 1.77e-01"
"511";"CAGL0K11616g";"log(pH8/pH4)";"9.51e-01";"CAGL0K11616g - 9.51e-01"
"512";"CAGL0K11858g";"log(pH8/pH4)";"1.93e+00";"CAGL0K11858g - 1.93e+00"
"513";"CAGL0K12100g";"log(pH8/pH4)";"8.50e-01";"CAGL0K12100g - 8.50e-01"
"514";"CAGL0K12254g";"log(pH8/pH4)";"-1.85e+00";"CAGL0K12254g - -1.85e+00"
"515";"CAGL0K12518g";"log(pH8/pH4)";"1.96e+00";"CAGL0K12518g - 1.96e+00"
"516";"CAGL0K12980g";"log(pH8/pH4)";"4.38e-01";"CAGL0K12980g - 4.38e-01"
"517";"CAGL0L00429g";"log(pH8/pH4)";"-1.16e+00";"CAGL0L00429g - -1.16e+00"
"518";"CAGL0L00473g";"log(pH8/pH4)";"1.52e+00";"CAGL0L00473g - 1.52e+00"
"519";"CAGL0L00649g";"log(pH8/pH4)";"-6.43e-01";"CAGL0L00649g - -6.43e-01"
"520";"CAGL0L00759g";"log(pH8/pH4)";"-5.16e-01";"CAGL0L00759g - -5.16e-01"
"521";"CAGL0L00803g";"log(pH8/pH4)";"-1.09e+00";"CAGL0L00803g - -1.09e+00"
"522";"CAGL0L00957g";"log(pH8/pH4)";"9.94e-01";"CAGL0L00957g - 9.94e-01"
"523";"CAGL0L00979g";"log(pH8/pH4)";"-2.70e-01";"CAGL0L00979g - -2.70e-01"
"524";"CAGL0L01089g";"log(pH8/pH4)";"-1.38e+00";"CAGL0L01089g - -1.38e+00"
"525";"CAGL0L01177g";"log(pH8/pH4)";"1.16e+00";"CAGL0L01177g - 1.16e+00"
"526";"CAGL0L01551g";"log(pH8/pH4)";"1.00e+00";"CAGL0L01551g - 1.00e+00"
"527";"CAGL0L01771g";"log(pH8/pH4)";"5.60e-01";"CAGL0L01771g - 5.60e-01"
"528";"CAGL0L02079g";"log(pH8/pH4)";"-2.76e+00";"CAGL0L02079g - -2.76e+00"
"529";"CAGL0L02167g";"log(pH8/pH4)";"6.03e-01";"CAGL0L02167g - 6.03e-01"
"530";"CAGL0L02321g";"log(pH8/pH4)";"-1.62e+00";"CAGL0L02321g - -1.62e+00"
"531";"CAGL0L02937g";"log(pH8/pH4)";"-2.27e+00";"CAGL0L02937g - -2.27e+00"
"532";"CAGL0L03135g";"log(pH8/pH4)";"9.59e-01";"CAGL0L03135g - 9.59e-01"
"533";"CAGL0L03267g";"log(pH8/pH4)";"-4.28e+00";"CAGL0L03267g - -4.28e+00"
"534";"CAGL0L03377g";"log(pH8/pH4)";"1.58e+00";"CAGL0L03377g - 1.58e+00"
"535";"CAGL0L03696g";"log(pH8/pH4)";"1.32e+00";"CAGL0L03696g - 1.32e+00"
"536";"CAGL0L03806g";"log(pH8/pH4)";"-2.86e-01";"CAGL0L03806g - -2.86e-01"
"537";"CAGL0L03828g";"log(pH8/pH4)";"-1.89e+00";"CAGL0L03828g - -1.89e+00"
"538";"CAGL0L03846g";"log(pH8/pH4)";"-8.74e-01";"CAGL0L03846g - -8.74e-01"
"539";"CAGL0L03982g";"log(pH8/pH4)";"1.13e+00";"CAGL0L03982g - 1.13e+00"
"540";"CAGL0L04070g";"log(pH8/pH4)";" NA";"CAGL0L04070g -  NA"
"541";"CAGL0L04510g";"log(pH8/pH4)";"1.61e-01";"CAGL0L04510g - 1.61e-01"
"542";"CAGL0L04598g";"log(pH8/pH4)";"1.41e+00";"CAGL0L04598g - 1.41e+00"
"543";"CAGL0L04664g";"log(pH8/pH4)";"-5.80e-01";"CAGL0L04664g - -5.80e-01"
"544";"CAGL0L05236g";"log(pH8/pH4)";"1.67e-01";"CAGL0L05236g - 1.67e-01"
"545";"CAGL0L05258g";"log(pH8/pH4)";"3.91e+00";"CAGL0L05258g - 3.91e+00"
"546";"CAGL0L05500g";"log(pH8/pH4)";"-5.24e-02";"CAGL0L05500g - -5.24e-02"
"547";"CAGL0L05742g";"log(pH8/pH4)";"2.52e-01";"CAGL0L05742g - 2.52e-01"
"548";"CAGL0L05786g";"log(pH8/pH4)";"1.21e+00";"CAGL0L05786g - 1.21e+00"
"549";"CAGL0L06094g";"log(pH8/pH4)";"-5.52e-01";"CAGL0L06094g - -5.52e-01"
"550";"CAGL0L06160g";"log(pH8/pH4)";"-1.34e+00";"CAGL0L06160g - -1.34e+00"
"551";"CAGL0L06512g";"log(pH8/pH4)";"2.51e+00";"CAGL0L06512g - 2.51e+00"
"552";"CAGL0L06578g";"log(pH8/pH4)";"-1.42e+00";"CAGL0L06578g - -1.42e+00"
"553";"CAGL0L06666g";"log(pH8/pH4)";"-4.76e-01";"CAGL0L06666g - -4.76e-01"
"554";"CAGL0L06776g";"log(pH8/pH4)";"-7.98e-01";"CAGL0L06776g - -7.98e-01"
"555";"CAGL0L06864g";"log(pH8/pH4)";"9.61e-01";"CAGL0L06864g - 9.61e-01"
"556";"CAGL0L07480g";"log(pH8/pH4)";"1.87e+00";"CAGL0L07480g - 1.87e+00"
"557";"CAGL0L07502g";"log(pH8/pH4)";"-7.88e-01";"CAGL0L07502g - -7.88e-01"
"558";"CAGL0L07546g";"log(pH8/pH4)";"1.95e+00";"CAGL0L07546g - 1.95e+00"
"559";"CAGL0L08114g";"log(pH8/pH4)";"-2.26e-01";"CAGL0L08114g - -2.26e-01"
"560";"CAGL0L08118g";"log(pH8/pH4)";"-2.74e-01";"CAGL0L08118g - -2.74e-01"
"561";"CAGL0L08184g";"log(pH8/pH4)";"-1.95e+00";"CAGL0L08184g - -1.95e+00"
"562";"CAGL0L08294g";"log(pH8/pH4)";"-1.39e+00";"CAGL0L08294g - -1.39e+00"
"563";"CAGL0L08426g";"log(pH8/pH4)";"-1.69e+00";"CAGL0L08426g - -1.69e+00"
"564";"CAGL0L08756g";"log(pH8/pH4)";"-4.30e-01";"CAGL0L08756g - -4.30e-01"
"565";"CAGL0L09020g";"log(pH8/pH4)";"1.13e-01";"CAGL0L09020g - 1.13e-01"
"566";"CAGL0L09086g";"log(pH8/pH4)";"1.86e-01";"CAGL0L09086g - 1.86e-01"
"567";"CAGL0L09108g";"log(pH8/pH4)";"-4.68e-02";"CAGL0L09108g - -4.68e-02"
"568";"CAGL0L09273g";"log(pH8/pH4)";"-5.63e-01";"CAGL0L09273g - -5.63e-01"
"569";"CAGL0L09383g";"log(pH8/pH4)";"-8.89e-01";"CAGL0L09383g - -8.89e-01"
"570";"CAGL0L09537g";"log(pH8/pH4)";"1.02e+00";"CAGL0L09537g - 1.02e+00"
"571";"CAGL0L10142g";"log(pH8/pH4)";"5.01e-01";"CAGL0L10142g - 5.01e-01"
"572";"CAGL0L10164g";"log(pH8/pH4)";"-3.79e-01";"CAGL0L10164g - -3.79e-01"
"573";"CAGL0L10362g";"log(pH8/pH4)";"-1.13e+00";"CAGL0L10362g - -1.13e+00"
"574";"CAGL0L10406g";"log(pH8/pH4)";"-1.82e+00";"CAGL0L10406g - -1.82e+00"
"575";"CAGL0L10582g";"log(pH8/pH4)";"1.13e+00";"CAGL0L10582g - 1.13e+00"
"576";"CAGL0L10780g";"log(pH8/pH4)";"-1.12e-01";"CAGL0L10780g - -1.12e-01"
"577";"CAGL0L10868g";"log(pH8/pH4)";"-1.22e+00";"CAGL0L10868g - -1.22e+00"
"578";"CAGL0L10890g";"log(pH8/pH4)";"-2.02e-01";"CAGL0L10890g - -2.02e-01"
"579";"CAGL0L11000g";"log(pH8/pH4)";"-1.23e+00";"CAGL0L11000g - -1.23e+00"
"580";"CAGL0L11506g";"log(pH8/pH4)";"-5.42e-01";"CAGL0L11506g - -5.42e-01"
"581";"CAGL0L11814g";"log(pH8/pH4)";"1.67e-01";"CAGL0L11814g - 1.67e-01"
"582";"CAGL0L11902g";"log(pH8/pH4)";"3.14e-01";"CAGL0L11902g - 3.14e-01"
"583";"CAGL0L11990g";"log(pH8/pH4)";"2.48e+00";"CAGL0L11990g - 2.48e+00"
"584";"CAGL0L12364g";"log(pH8/pH4)";"6.86e-01";"CAGL0L12364g - 6.86e-01"
"585";"CAGL0L12562g";"log(pH8/pH4)";"-4.41e-01";"CAGL0L12562g - -4.41e-01"
"586";"CAGL0L12914g";"log(pH8/pH4)";"5.40e-01";"CAGL0L12914g - 5.40e-01"
"587";"CAGL0L12936g";"log(pH8/pH4)";"4.50e-01";"CAGL0L12936g - 4.50e-01"
"588";"CAGL0L13156g";"log(pH8/pH4)";"-1.07e+00";"CAGL0L13156g - -1.07e+00"
"589";"CAGL0L13354g";"log(pH8/pH4)";"-4.47e+00";"CAGL0L13354g - -4.47e+00"
"590";"CAGL0M00418g";"log(pH8/pH4)";"3.20e-02";"CAGL0M00418g - 3.20e-02"
"591";"CAGL0M00770g";"log(pH8/pH4)";"3.35e-01";"CAGL0M00770g - 3.35e-01"
"592";"CAGL0M01364g";"log(pH8/pH4)";"-2.35e-01";"CAGL0M01364g - -2.35e-01"
"593";"CAGL0M01562g";"log(pH8/pH4)";"4.15e-01";"CAGL0M01562g - 4.15e-01"
"594";"CAGL0M02167g";"log(pH8/pH4)";"-9.01e-01";"CAGL0M02167g - -9.01e-01"
"595";"CAGL0M02211g";"log(pH8/pH4)";"1.30e+00";"CAGL0M02211g - 1.30e+00"
"596";"CAGL0M02387g";"log(pH8/pH4)";"1.00e+00";"CAGL0M02387g - 1.00e+00"
"597";"CAGL0M02915g";"log(pH8/pH4)";"-9.77e-01";"CAGL0M02915g - -9.77e-01"
"598";"CAGL0M03003g";"log(pH8/pH4)";"1.57e+00";"CAGL0M03003g - 1.57e+00"
"599";"CAGL0M03025g";"log(pH8/pH4)";"3.31e-01";"CAGL0M03025g - 3.31e-01"
"600";"CAGL0M03377g";"log(pH8/pH4)";"2.07e+00";"CAGL0M03377g - 2.07e+00"
"601";"CAGL0M03795g";"log(pH8/pH4)";"2.09e-01";"CAGL0M03795g - 2.09e-01"
"602";"CAGL0M04191g";"log(pH8/pH4)";"-6.95e-02";"CAGL0M04191g - -6.95e-02"
"603";"CAGL0M04499g";"log(pH8/pH4)";"-1.43e+00";"CAGL0M04499g - -1.43e+00"
"604";"CAGL0M04675g";"log(pH8/pH4)";"5.58e-01";"CAGL0M04675g - 5.58e-01"
"605";"CAGL0M04873g";"log(pH8/pH4)";"-2.77e-01";"CAGL0M04873g - -2.77e-01"
"606";"CAGL0M05401g";"log(pH8/pH4)";"3.19e+00";"CAGL0M05401g - 3.19e+00"
"607";"CAGL0M05511g";"log(pH8/pH4)";"7.69e-01";"CAGL0M05511g - 7.69e-01"
"608";"CAGL0M05665g";"log(pH8/pH4)";"6.60e-01";"CAGL0M05665g - 6.60e-01"
"609";"CAGL0M05775g";"log(pH8/pH4)";"-2.23e-01";"CAGL0M05775g - -2.23e-01"
"610";"CAGL0M05951g";"log(pH8/pH4)";"5.36e-01";"CAGL0M05951g - 5.36e-01"
"611";"CAGL0M05995g";"log(pH8/pH4)";"-3.89e-01";"CAGL0M05995g - -3.89e-01"
"612";"CAGL0M06369g";"log(pH8/pH4)";"-1.02e+00";"CAGL0M06369g - -1.02e+00"
"613";"CAGL0M06457g";"log(pH8/pH4)";"-1.69e+00";"CAGL0M06457g - -1.69e+00"
"614";"CAGL0M06633g";"log(pH8/pH4)";"7.16e-01";"CAGL0M06633g - 7.16e-01"
"615";"CAGL0M06963g";"log(pH8/pH4)";"-5.13e-01";"CAGL0M06963g - -5.13e-01"
"616";"CAGL0M07001g";"log(pH8/pH4)";"5.76e-01";"CAGL0M07001g - 5.76e-01"
"617";"CAGL0M07271g";"log(pH8/pH4)";"-7.52e-01";"CAGL0M07271g - -7.52e-01"
"618";"CAGL0M07403g";"log(pH8/pH4)";"-1.28e-01";"CAGL0M07403g - -1.28e-01"
"619";"CAGL0M07656g";"log(pH8/pH4)";"-8.45e-01";"CAGL0M07656g - -8.45e-01"
"620";"CAGL0M07722g";"log(pH8/pH4)";"-8.24e-02";"CAGL0M07722g - -8.24e-02"
"621";"CAGL0M08184g";"log(pH8/pH4)";"3.75e-01";"CAGL0M08184g - 3.75e-01"
"622";"CAGL0M08602g";"log(pH8/pH4)";"8.77e-01";"CAGL0M08602g - 8.77e-01"
"623";"CAGL0M09020g";"log(pH8/pH4)";"1.96e+00";"CAGL0M09020g - 1.96e+00"
"624";"CAGL0M09229g";"log(pH8/pH4)";"5.86e-01";"CAGL0M09229g - 5.86e-01"
"625";"CAGL0M09581g";"log(pH8/pH4)";"4.97e-01";"CAGL0M09581g - 4.97e-01"
"626";"CAGL0M09669g";"log(pH8/pH4)";"-1.50e-01";"CAGL0M09669g - -1.50e-01"
"627";"CAGL0M09713g";"log(pH8/pH4)";"8.44e-01";"CAGL0M09713g - 8.44e-01"
"628";"CAGL0M10241g";"log(pH8/pH4)";"-2.15e-01";"CAGL0M10241g - -2.15e-01"
"629";"CAGL0M11000g";"log(pH8/pH4)";"-2.47e-01";"CAGL0M11000g - -2.47e-01"
"630";"CAGL0M11110g";"log(pH8/pH4)";"-1.88e-01";"CAGL0M11110g - -1.88e-01"
"631";"CAGL0M11704g";"log(pH8/pH4)";"2.94e+00";"CAGL0M11704g - 2.94e+00"
"632";"CAGL0M11902g";"log(pH8/pH4)";"-6.45e-01";"CAGL0M11902g - -6.45e-01"
"633";"CAGL0M12551g";"log(pH8/pH4)";"2.94e+00";"CAGL0M12551g - 2.94e+00"
"634";"CAGL0M12881g";"log(pH8/pH4)";"5.02e-01";"CAGL0M12881g - 5.02e-01"
"635";"CAGL0M12947g";"log(pH8/pH4)";"1.21e-01";"CAGL0M12947g - 1.21e-01"
"636";"CAGL0M13717g";"log(pH8/pH4)";"-1.08e+00";"CAGL0M13717g - -1.08e+00"
"637";"CAGL0M14069g";"log(pH8/pH4)";"6.59e-01";"CAGL0M14069g - 6.59e-01"
