"Name"	"Conditions"	"logFC"	"hovertext"
"CAGL0A00737g"	"T10"	NA	"CAGL0A00737g - NA"
"CAGL0A00979g"	"T10"	0.775	"CAGL0A00979g - 0.775"
"CAGL0A01067g"	"T10"	0.539	"CAGL0A01067g - 0.539"
"CAGL0A01089g"	"T10"	NA	"CAGL0A01089g - NA"
"CAGL0A01199g"	"T10"	NA	"CAGL0A01199g - NA"
"CAGL0A01221g"	"T10"	-1.099	"CAGL0A01221g - -1.099"
"CAGL0A01243g"	"T10"	NA	"CAGL0A01243g - NA"
"CAGL0A01650g"	"T10"	NA	"CAGL0A01650g - NA"
"CAGL0A01716g"	"T10"	-0.817	"CAGL0A01716g - -0.817"
"CAGL0A01782g"	"T10"	NA	"CAGL0A01782g - NA"
"CAGL0A01826g"	"T10"	NA	"CAGL0A01826g - NA"
"CAGL0A02002g"	"T10"	NA	"CAGL0A02002g - NA"
"CAGL0A02112g"	"T10"	-0.609	"CAGL0A02112g - -0.609"
"CAGL0A02145g"	"T10"	NA	"CAGL0A02145g - NA"
"CAGL0A02211g"	"T10"	NA	"CAGL0A02211g - NA"
"CAGL0A02233g"	"T10"	NA	"CAGL0A02233g - NA"
"CAGL0A02277g"	"T10"	NA	"CAGL0A02277g - NA"
"CAGL0A02299g"	"T10"	-0.361	"CAGL0A02299g - -0.361"
"CAGL0A02816g"	"T10"	-0.576	"CAGL0A02816g - -0.576"
"CAGL0A03102g"	"T10"	0.289	"CAGL0A03102g - 0.289"
"CAGL0A03366g"	"T10"	-0.628	"CAGL0A03366g - -0.628"
"CAGL0A03476g"	"T10"	NA	"CAGL0A03476g - NA"
"CAGL0A03542g"	"T10"	0.035	"CAGL0A03542g - 0.035"
"CAGL0A03740g"	"T10"	NA	"CAGL0A03740g - NA"
"CAGL0A03905g"	"T10"	NA	"CAGL0A03905g - NA"
"CAGL0A04015g"	"T10"	0.06	"CAGL0A04015g - 0.06"
"CAGL0A04499g"	"T10"	NA	"CAGL0A04499g - NA"
"CAGL0A04653g"	"T10"	NA	"CAGL0A04653g - NA"
"CAGL0A04829g"	"T10"	0.12	"CAGL0A04829g - 0.12"
"CAGL0B00286g"	"T10"	NA	"CAGL0B00286g - NA"
"CAGL0B00594g"	"T10"	NA	"CAGL0B00594g - NA"
"CAGL0B00792g"	"T10"	-1.059	"CAGL0B00792g - -1.059"
"CAGL0B00814g"	"T10"	0.234	"CAGL0B00814g - 0.234"
"CAGL0B00946g"	"T10"	-4.461	"CAGL0B00946g - -4.461"
"CAGL0B00990g"	"T10"	0.91	"CAGL0B00990g - 0.91"
"CAGL0B01012g"	"T10"	NA	"CAGL0B01012g - NA"
"CAGL0B01122g"	"T10"	-0.337	"CAGL0B01122g - -0.337"
"CAGL0B01507g"	"T10"	-0.267	"CAGL0B01507g - -0.267"
"CAGL0B01639g"	"T10"	NA	"CAGL0B01639g - NA"
"CAGL0B01727g"	"T10"	NA	"CAGL0B01727g - NA"
"CAGL0B01881g"	"T10"	-0.255	"CAGL0B01881g - -0.255"
"CAGL0B02475g"	"T10"	NA	"CAGL0B02475g - NA"
"CAGL0B02585g"	"T10"	-1.043	"CAGL0B02585g - -1.043"
"CAGL0B02717g"	"T10"	-0.229	"CAGL0B02717g - -0.229"
"CAGL0B02794g"	"T10"	0.408	"CAGL0B02794g - 0.408"
"CAGL0B02838g"	"T10"	NA	"CAGL0B02838g - NA"
"CAGL0B02860g"	"T10"	NA	"CAGL0B02860g - NA"
"CAGL0B02904g"	"T10"	NA	"CAGL0B02904g - NA"
"CAGL0B02970g"	"T10"	NA	"CAGL0B02970g - NA"
"CAGL0B03421g"	"T10"	NA	"CAGL0B03421g - NA"
"CAGL0B03619g"	"T10"	-0.429	"CAGL0B03619g - -0.429"
"CAGL0B03663g"	"T10"	NA	"CAGL0B03663g - NA"
"CAGL0B03817g"	"T10"	NA	"CAGL0B03817g - NA"
"CAGL0B03993g"	"T10"	-0.533	"CAGL0B03993g - -0.533"
"CAGL0B04213g"	"T10"	NA	"CAGL0B04213g - NA"
"CAGL0B04433g"	"T10"	NA	"CAGL0B04433g - NA"
"CAGL0B04675g"	"T10"	-0.009	"CAGL0B04675g - -0.009"
"CAGL0C00110g"	"T10"	NA	"CAGL0C00110g - NA"
"CAGL0C00275g"	"T10"	-0.095	"CAGL0C00275g - -0.095"
"CAGL0C00495g"	"T10"	-1.525	"CAGL0C00495g - -1.525"
"CAGL0C00539g"	"T10"	NA	"CAGL0C00539g - NA"
"CAGL0C00759g"	"T10"	NA	"CAGL0C00759g - NA"
"CAGL0C00968g"	"T10"	NA	"CAGL0C00968g - NA"
"CAGL0C01133g"	"T10"	NA	"CAGL0C01133g - NA"
"CAGL0C01287g"	"T10"	0.516	"CAGL0C01287g - 0.516"
"CAGL0C01325g"	"T10"	-0.25	"CAGL0C01325g - -0.25"
"CAGL0C01595g"	"T10"	0.141	"CAGL0C01595g - 0.141"
"CAGL0C01727g"	"T10"	NA	"CAGL0C01727g - NA"
"CAGL0C01749g"	"T10"	NA	"CAGL0C01749g - NA"
"CAGL0C01771g"	"T10"	NA	"CAGL0C01771g - NA"
"CAGL0C02035g"	"T10"	0.654	"CAGL0C02035g - 0.654"
"CAGL0C02233g"	"T10"	0.645	"CAGL0C02233g - 0.645"
"CAGL0C02365g"	"T10"	NA	"CAGL0C02365g - NA"
"CAGL0C02739g"	"T10"	0.995	"CAGL0C02739g - 0.995"
"CAGL0C03113g"	"T10"	-0.939	"CAGL0C03113g - -0.939"
"CAGL0C03267g"	"T10"	NA	"CAGL0C03267g - NA"
"CAGL0C03333g"	"T10"	NA	"CAGL0C03333g - NA"
"CAGL0C03443g"	"T10"	-0.416	"CAGL0C03443g - -0.416"
"CAGL0C03487g"	"T10"	NA	"CAGL0C03487g - NA"
"CAGL0C03608g"	"T10"	NA	"CAGL0C03608g - NA"
"CAGL0C03630g"	"T10"	0.17	"CAGL0C03630g - 0.17"
"CAGL0C03652g"	"T10"	NA	"CAGL0C03652g - NA"
"CAGL0C03850g"	"T10"	-0.313	"CAGL0C03850g - -0.313"
"CAGL0C03872g"	"T10"	NA	"CAGL0C03872g - NA"
"CAGL0C04191g"	"T10"	-0.542	"CAGL0C04191g - -0.542"
"CAGL0C04279g"	"T10"	0.532	"CAGL0C04279g - 0.532"
"CAGL0C04587g"	"T10"	-0.387	"CAGL0C04587g - -0.387"
"CAGL0C04917g"	"T10"	0.399	"CAGL0C04917g - 0.399"
"CAGL0C05027g"	"T10"	NA	"CAGL0C05027g - NA"
"CAGL0C05115g"	"T10"	-0.461	"CAGL0C05115g - -0.461"
"CAGL0C05445g"	"T10"	NA	"CAGL0C05445g - NA"
"CAGL0D00198g"	"T10"	NA	"CAGL0D00198g - NA"
"CAGL0D00264g"	"T10"	NA	"CAGL0D00264g - NA"
"CAGL0D00352g"	"T10"	0.812	"CAGL0D00352g - 0.812"
"CAGL0D00418g"	"T10"	NA	"CAGL0D00418g - NA"
"CAGL0D00528g"	"T10"	-0.053	"CAGL0D00528g - -0.053"
"CAGL0D00704g"	"T10"	NA	"CAGL0D00704g - NA"
"CAGL0D00748g"	"T10"	1.039	"CAGL0D00748g - 1.039"
"CAGL0D00770g"	"T10"	0.163	"CAGL0D00770g - 0.163"
"CAGL0D00880g"	"T10"	0.559	"CAGL0D00880g - 0.559"
"CAGL0D01265g"	"T10"	NA	"CAGL0D01265g - NA"
"CAGL0D01298g"	"T10"	-0.651	"CAGL0D01298g - -0.651"
"CAGL0D01474g"	"T10"	NA	"CAGL0D01474g - NA"
"CAGL0D01562g"	"T10"	-0.361	"CAGL0D01562g - -0.361"
"CAGL0D01958g"	"T10"	-0.102	"CAGL0D01958g - -0.102"
"CAGL0D02134g"	"T10"	NA	"CAGL0D02134g - NA"
"CAGL0D02596g"	"T10"	NA	"CAGL0D02596g - NA"
"CAGL0D02640g"	"T10"	NA	"CAGL0D02640g - NA"
"CAGL0D02662g"	"T10"	NA	"CAGL0D02662g - NA"
"CAGL0D03982g"	"T10"	0.739	"CAGL0D03982g - 0.739"
"CAGL0D04026g"	"T10"	-0.047	"CAGL0D04026g - -0.047"
"CAGL0D04356g"	"T10"	0.036	"CAGL0D04356g - 0.036"
"CAGL0D04686g"	"T10"	NA	"CAGL0D04686g - NA"
"CAGL0D04708g"	"T10"	NA	"CAGL0D04708g - NA"
"CAGL0D05060g"	"T10"	0.488	"CAGL0D05060g - 0.488"
"CAGL0D05082g"	"T10"	NA	"CAGL0D05082g - NA"
"CAGL0D05192g"	"T10"	NA	"CAGL0D05192g - NA"
"CAGL0D05280g"	"T10"	-0.153	"CAGL0D05280g - -0.153"
"CAGL0D05434g"	"T10"	NA	"CAGL0D05434g - NA"
"CAGL0D05940g"	"T10"	-1.27	"CAGL0D05940g - -1.27"
"CAGL0D06402g"	"T10"	-0.759	"CAGL0D06402g - -0.759"
"CAGL0D06424g"	"T10"	-0.166	"CAGL0D06424g - -0.166"
"CAGL0D06600g"	"T10"	NA	"CAGL0D06600g - NA"
"CAGL0E00737g"	"T10"	-0.813	"CAGL0E00737g - -0.813"
"CAGL0E00803g"	"T10"	1.515	"CAGL0E00803g - 1.515"
"CAGL0E01155g"	"T10"	-1.321	"CAGL0E01155g - -1.321"
"CAGL0E01243g"	"T10"	NA	"CAGL0E01243g - NA"
"CAGL0E01287g"	"T10"	-0.503	"CAGL0E01287g - -0.503"
"CAGL0E01705g"	"T10"	0.103	"CAGL0E01705g - 0.103"
"CAGL0E01727g"	"T10"	NA	"CAGL0E01727g - NA"
"CAGL0E01771g"	"T10"	NA	"CAGL0E01771g - NA"
"CAGL0E01793g"	"T10"	1.077	"CAGL0E01793g - 1.077"
"CAGL0E01815g"	"T10"	NA	"CAGL0E01815g - NA"
"CAGL0E01837g"	"T10"	NA	"CAGL0E01837g - NA"
"CAGL0E01881g"	"T10"	NA	"CAGL0E01881g - NA"
"CAGL0E01991g"	"T10"	-0.003	"CAGL0E01991g - -0.003"
"CAGL0E02013g"	"T10"	0.219	"CAGL0E02013g - 0.219"
"CAGL0E02255g"	"T10"	2.045	"CAGL0E02255g - 2.045"
"CAGL0E02651g"	"T10"	NA	"CAGL0E02651g - NA"
"CAGL0E03025g"	"T10"	NA	"CAGL0E03025g - NA"
"CAGL0E03289g"	"T10"	0.617	"CAGL0E03289g - 0.617"
"CAGL0E03520g"	"T10"	-1.437	"CAGL0E03520g - -1.437"
"CAGL0E03850g"	"T10"	0.124	"CAGL0E03850g - 0.124"
"CAGL0E03916g"	"T10"	NA	"CAGL0E03916g - NA"
"CAGL0E03938g"	"T10"	0.34	"CAGL0E03938g - 0.34"
"CAGL0E04092g"	"T10"	-0.385	"CAGL0E04092g - -0.385"
"CAGL0E04224g"	"T10"	NA	"CAGL0E04224g - NA"
"CAGL0E04334g"	"T10"	0.609	"CAGL0E04334g - 0.609"
"CAGL0E04510g"	"T10"	NA	"CAGL0E04510g - NA"
"CAGL0E04548g"	"T10"	NA	"CAGL0E04548g - NA"
"CAGL0E04554g"	"T10"	NA	"CAGL0E04554g - NA"
"CAGL0E04884g"	"T10"	NA	"CAGL0E04884g - NA"
"CAGL0E04994g"	"T10"	0.569	"CAGL0E04994g - 0.569"
"CAGL0E05148g"	"T10"	0.613	"CAGL0E05148g - 0.613"
"CAGL0E05170g"	"T10"	NA	"CAGL0E05170g - NA"
"CAGL0E05346g"	"T10"	0.232	"CAGL0E05346g - 0.232"
"CAGL0E05456g"	"T10"	NA	"CAGL0E05456g - NA"
"CAGL0E05500g"	"T10"	-0.551	"CAGL0E05500g - -0.551"
"CAGL0E05588g"	"T10"	NA	"CAGL0E05588g - NA"
"CAGL0E05654g"	"T10"	NA	"CAGL0E05654g - NA"
"CAGL0E05830g"	"T10"	1.093	"CAGL0E05830g - 1.093"
"CAGL0E06072g"	"T10"	NA	"CAGL0E06072g - NA"
"CAGL0E06116g"	"T10"	NA	"CAGL0E06116g - NA"
"CAGL0E06138g"	"T10"	-0.021	"CAGL0E06138g - -0.021"
"CAGL0E06380g"	"T10"	NA	"CAGL0E06380g - NA"
"CAGL0E06424g"	"T10"	-0.788	"CAGL0E06424g - -0.788"
"CAGL0F00187g"	"T10"	NA	"CAGL0F00187g - NA"
"CAGL0F00209g"	"T10"	NA	"CAGL0F00209g - NA"
"CAGL0F00231g"	"T10"	-0.415	"CAGL0F00231g - -0.415"
"CAGL0F00407g"	"T10"	-0.058	"CAGL0F00407g - -0.058"
"CAGL0F00429g"	"T10"	-2.022	"CAGL0F00429g - -2.022"
"CAGL0F00605g"	"T10"	0.451	"CAGL0F00605g - 0.451"
"CAGL0F00649g"	"T10"	NA	"CAGL0F00649g - NA"
"CAGL0F00715g"	"T10"	-2.326	"CAGL0F00715g - -2.326"
"CAGL0F01045g"	"T10"	-0.218	"CAGL0F01045g - -0.218"
"CAGL0F01265g"	"T10"	NA	"CAGL0F01265g - NA"
"CAGL0F01419g"	"T10"	NA	"CAGL0F01419g - NA"
"CAGL0F01463g"	"T10"	0.307	"CAGL0F01463g - 0.307"
"CAGL0F01485g"	"T10"	NA	"CAGL0F01485g - NA"
"CAGL0F01749g"	"T10"	-0.311	"CAGL0F01749g - -0.311"
"CAGL0F02101g"	"T10"	NA	"CAGL0F02101g - NA"
"CAGL0F02145g"	"T10"	NA	"CAGL0F02145g - NA"
"CAGL0F02233g"	"T10"	1.533	"CAGL0F02233g - 1.533"
"CAGL0F02431g"	"T10"	-0.609	"CAGL0F02431g - -0.609"
"CAGL0F02513g"	"T10"	NA	"CAGL0F02513g - NA"
"CAGL0F02563g"	"T10"	0.659	"CAGL0F02563g - 0.659"
"CAGL0F03399g"	"T10"	-0.081	"CAGL0F03399g - -0.081"
"CAGL0F03553g"	"T10"	0.879	"CAGL0F03553g - 0.879"
"CAGL0F03861g"	"T10"	-0.336	"CAGL0F03861g - -0.336"
"CAGL0F03927g"	"T10"	-0.332	"CAGL0F03927g - -0.332"
"CAGL0F03993g"	"T10"	-0.101	"CAGL0F03993g - -0.101"
"CAGL0F04191g"	"T10"	NA	"CAGL0F04191g - NA"
"CAGL0F04213g"	"T10"	0.138	"CAGL0F04213g - 0.138"
"CAGL0F04411g"	"T10"	NA	"CAGL0F04411g - NA"
"CAGL0F04565g"	"T10"	-1.127	"CAGL0F04565g - -1.127"
"CAGL0F04631g"	"T10"	NA	"CAGL0F04631g - NA"
"CAGL0F04719g"	"T10"	0.058	"CAGL0F04719g - 0.058"
"CAGL0F04807g"	"T10"	-0.293	"CAGL0F04807g - -0.293"
"CAGL0F04895g"	"T10"	0.644	"CAGL0F04895g - 0.644"
"CAGL0F04917g"	"T10"	NA	"CAGL0F04917g - NA"
"CAGL0F05071g"	"T10"	NA	"CAGL0F05071g - NA"
"CAGL0F05093g"	"T10"	NA	"CAGL0F05093g - NA"
"CAGL0F05687g"	"T10"	NA	"CAGL0F05687g - NA"
"CAGL0F05709g"	"T10"	NA	"CAGL0F05709g - NA"
"CAGL0F05863g"	"T10"	0.969	"CAGL0F05863g - 0.969"
"CAGL0F06413g"	"T10"	NA	"CAGL0F06413g - NA"
"CAGL0F06501g"	"T10"	-0.021	"CAGL0F06501g - -0.021"
"CAGL0F06677g"	"T10"	NA	"CAGL0F06677g - NA"
"CAGL0F07029g"	"T10"	-0.551	"CAGL0F07029g - -0.551"
"CAGL0F07117g"	"T10"	NA	"CAGL0F07117g - NA"
"CAGL0F07513g"	"T10"	NA	"CAGL0F07513g - NA"
"CAGL0F07865g"	"T10"	NA	"CAGL0F07865g - NA"
"CAGL0F07953g"	"T10"	NA	"CAGL0F07953g - NA"
"CAGL0F08019g"	"T10"	NA	"CAGL0F08019g - NA"
"CAGL0F08085g"	"T10"	NA	"CAGL0F08085g - NA"
"CAGL0F08195g"	"T10"	NA	"CAGL0F08195g - NA"
"CAGL0F08217g"	"T10"	NA	"CAGL0F08217g - NA"
"CAGL0F08261g"	"T10"	0.161	"CAGL0F08261g - 0.161"
"CAGL0F08745g"	"T10"	NA	"CAGL0F08745g - NA"
"CAGL0G01122g"	"T10"	NA	"CAGL0G01122g - NA"
"CAGL0G01166g"	"T10"	0.466	"CAGL0G01166g - 0.466"
"CAGL0G01540g"	"T10"	-0.195	"CAGL0G01540g - -0.195"
"CAGL0G01826g"	"T10"	0.547	"CAGL0G01826g - 0.547"
"CAGL0G02255g"	"T10"	NA	"CAGL0G02255g - NA"
"CAGL0G02409g"	"T10"	-1.686	"CAGL0G02409g - -1.686"
"CAGL0G02563g"	"T10"	NA	"CAGL0G02563g - NA"
"CAGL0G02585g"	"T10"	-0.154	"CAGL0G02585g - -0.154"
"CAGL0G02849g"	"T10"	0.22	"CAGL0G02849g - 0.22"
"CAGL0G02937g"	"T10"	NA	"CAGL0G02937g - NA"
"CAGL0G03289g"	"T10"	0.462	"CAGL0G03289g - 0.462"
"CAGL0G03575g"	"T10"	-0.332	"CAGL0G03575g - -0.332"
"CAGL0G03883g"	"T10"	0.915	"CAGL0G03883g - 0.915"
"CAGL0G03905g"	"T10"	NA	"CAGL0G03905g - NA"
"CAGL0G04433g"	"T10"	NA	"CAGL0G04433g - NA"
"CAGL0G04499g"	"T10"	NA	"CAGL0G04499g - NA"
"CAGL0G04763g"	"T10"	NA	"CAGL0G04763g - NA"
"CAGL0G05566g"	"T10"	-0.196	"CAGL0G05566g - -0.196"
"CAGL0G05698g"	"T10"	NA	"CAGL0G05698g - NA"
"CAGL0G05764g"	"T10"	NA	"CAGL0G05764g - NA"
"CAGL0G05830g"	"T10"	NA	"CAGL0G05830g - NA"
"CAGL0G05874g"	"T10"	-1.843	"CAGL0G05874g - -1.843"
"CAGL0G05962g"	"T10"	NA	"CAGL0G05962g - NA"
"CAGL0G06006g"	"T10"	NA	"CAGL0G06006g - NA"
"CAGL0G06050g"	"T10"	NA	"CAGL0G06050g - NA"
"CAGL0G06248g"	"T10"	0.712	"CAGL0G06248g - 0.712"
"CAGL0G06402g"	"T10"	-0.926	"CAGL0G06402g - -0.926"
"CAGL0G06468g"	"T10"	NA	"CAGL0G06468g - NA"
"CAGL0G06490g"	"T10"	-0.088	"CAGL0G06490g - -0.088"
"CAGL0G06732g"	"T10"	0.316	"CAGL0G06732g - 0.316"
"CAGL0G06798g"	"T10"	0.133	"CAGL0G06798g - 0.133"
"CAGL0G06952g"	"T10"	NA	"CAGL0G06952g - NA"
"CAGL0G07106g"	"T10"	-0.391	"CAGL0G07106g - -0.391"
"CAGL0G07711g"	"T10"	-0.449	"CAGL0G07711g - -0.449"
"CAGL0G07821g"	"T10"	NA	"CAGL0G07821g - NA"
"CAGL0G08019g"	"T10"	NA	"CAGL0G08019g - NA"
"CAGL0G08041g"	"T10"	-0.357	"CAGL0G08041g - -0.357"
"CAGL0G08712g"	"T10"	-0.82	"CAGL0G08712g - -0.82"
"CAGL0G08734g"	"T10"	1.545	"CAGL0G08734g - 1.545"
"CAGL0G09064g"	"T10"	NA	"CAGL0G09064g - NA"
"CAGL0G09130g"	"T10"	0.133	"CAGL0G09130g - 0.133"
"CAGL0G09383g"	"T10"	-0.643	"CAGL0G09383g - -0.643"
"CAGL0G09691g"	"T10"	-0.213	"CAGL0G09691g - -0.213"
"CAGL0G09977g"	"T10"	NA	"CAGL0G09977g - NA"
"CAGL0G10131g"	"T10"	-0.052	"CAGL0G10131g - -0.052"
"CAGL0G10153g"	"T10"	0.164	"CAGL0G10153g - 0.164"
"CAGL0G10175g"	"T10"	NA	"CAGL0G10175g - NA"
"CAGL0H00418g"	"T10"	0.888	"CAGL0H00418g - 0.888"
"CAGL0H00440g"	"T10"	NA	"CAGL0H00440g - NA"
"CAGL0H00506g"	"T10"	0.133	"CAGL0H00506g - 0.133"
"CAGL0H00572g"	"T10"	NA	"CAGL0H00572g - NA"
"CAGL0H00594g"	"T10"	NA	"CAGL0H00594g - NA"
"CAGL0H00682g"	"T10"	NA	"CAGL0H00682g - NA"
"CAGL0H00704g"	"T10"	NA	"CAGL0H00704g - NA"
"CAGL0H00825g"	"T10"	NA	"CAGL0H00825g - NA"
"CAGL0H02101g"	"T10"	1.708	"CAGL0H02101g - 1.708"
"CAGL0H02387g"	"T10"	NA	"CAGL0H02387g - NA"
"CAGL0H02491g"	"T10"	NA	"CAGL0H02491g - NA"
"CAGL0H02563g"	"T10"	NA	"CAGL0H02563g - NA"
"CAGL0H02585g"	"T10"	-2.162	"CAGL0H02585g - -2.162"
"CAGL0H02893g"	"T10"	NA	"CAGL0H02893g - NA"
"CAGL0H02959g"	"T10"	NA	"CAGL0H02959g - NA"
"CAGL0H03179g"	"T10"	NA	"CAGL0H03179g - NA"
"CAGL0H03487g"	"T10"	NA	"CAGL0H03487g - NA"
"CAGL0H03751g"	"T10"	NA	"CAGL0H03751g - NA"
"CAGL0H03795g"	"T10"	0.682	"CAGL0H03795g - 0.682"
"CAGL0H03993g"	"T10"	0.023	"CAGL0H03993g - 0.023"
"CAGL0H04037g"	"T10"	NA	"CAGL0H04037g - NA"
"CAGL0H04081g"	"T10"	-1.291	"CAGL0H04081g - -1.291"
"CAGL0H04125g"	"T10"	0.505	"CAGL0H04125g - 0.505"
"CAGL0H04191g"	"T10"	-0.095	"CAGL0H04191g - -0.095"
"CAGL0H04851g"	"T10"	NA	"CAGL0H04851g - NA"
"CAGL0H04939g"	"T10"	NA	"CAGL0H04939g - NA"
"CAGL0H05137g"	"T10"	-0.57	"CAGL0H05137g - -0.57"
"CAGL0H05445g"	"T10"	-0.368	"CAGL0H05445g - -0.368"
"CAGL0H05643g"	"T10"	0.249	"CAGL0H05643g - 0.249"
"CAGL0H06545g"	"T10"	NA	"CAGL0H06545g - NA"
"CAGL0H06699g"	"T10"	1.487	"CAGL0H06699g - 1.487"
"CAGL0H06787g"	"T10"	-0.202	"CAGL0H06787g - -0.202"
"CAGL0H07051g"	"T10"	0.315	"CAGL0H07051g - 0.315"
"CAGL0H07337g"	"T10"	NA	"CAGL0H07337g - NA"
"CAGL0H07579g"	"T10"	-0.316	"CAGL0H07579g - -0.316"
"CAGL0H07887g"	"T10"	0.066	"CAGL0H07887g - 0.066"
"CAGL0H08063g"	"T10"	NA	"CAGL0H08063g - NA"
"CAGL0H08261g"	"T10"	NA	"CAGL0H08261g - NA"
"CAGL0H08541g"	"T10"	1.111	"CAGL0H08541g - 1.111"
"CAGL0H08624g"	"T10"	NA	"CAGL0H08624g - NA"
"CAGL0H08822g"	"T10"	NA	"CAGL0H08822g - NA"
"CAGL0H08844g"	"T10"	0.876	"CAGL0H08844g - 0.876"
"CAGL0H09064g"	"T10"	-0.141	"CAGL0H09064g - -0.141"
"CAGL0H09460g"	"T10"	-0.963	"CAGL0H09460g - -0.963"
"CAGL0H09592g"	"T10"	NA	"CAGL0H09592g - NA"
"CAGL0H09614g"	"T10"	NA	"CAGL0H09614g - NA"
"CAGL0H09944g"	"T10"	-4.075	"CAGL0H09944g - -4.075"
"CAGL0H09966g"	"T10"	NA	"CAGL0H09966g - NA"
"CAGL0H10010g"	"T10"	NA	"CAGL0H10010g - NA"
"CAGL0H10076g"	"T10"	-1.555	"CAGL0H10076g - -1.555"
"CAGL0H10142g"	"T10"	-0.158	"CAGL0H10142g - -0.158"
"CAGL0I00286g"	"T10"	NA	"CAGL0I00286g - NA"
"CAGL0I00462g"	"T10"	0.201	"CAGL0I00462g - 0.201"
"CAGL0I00528g"	"T10"	NA	"CAGL0I00528g - NA"
"CAGL0I00550g"	"T10"	NA	"CAGL0I00550g - NA"
"CAGL0I00748g"	"T10"	1.662	"CAGL0I00748g - 1.662"
"CAGL0I00792g"	"T10"	0.625	"CAGL0I00792g - 0.625"
"CAGL0I00814g"	"T10"	-0.032	"CAGL0I00814g - -0.032"
"CAGL0I01100g"	"T10"	0.271	"CAGL0I01100g - 0.271"
"CAGL0I01166g"	"T10"	0.119	"CAGL0I01166g - 0.119"
"CAGL0I01276g"	"T10"	-0.308	"CAGL0I01276g - -0.308"
"CAGL0I01298g"	"T10"	0.607	"CAGL0I01298g - 0.607"
"CAGL0I01408g"	"T10"	1.978	"CAGL0I01408g - 1.978"
"CAGL0I01980g"	"T10"	NA	"CAGL0I01980g - NA"
"CAGL0I02024g"	"T10"	NA	"CAGL0I02024g - NA"
"CAGL0I02134g"	"T10"	NA	"CAGL0I02134g - NA"
"CAGL0I02486g"	"T10"	-0.74	"CAGL0I02486g - -0.74"
"CAGL0I02508g"	"T10"	NA	"CAGL0I02508g - NA"
"CAGL0I02530g"	"T10"	-0.691	"CAGL0I02530g - -0.691"
"CAGL0I02728g"	"T10"	NA	"CAGL0I02728g - NA"
"CAGL0I03036g"	"T10"	-0.448	"CAGL0I03036g - -0.448"
"CAGL0I03080g"	"T10"	-0.066	"CAGL0I03080g - -0.066"
"CAGL0I03190g"	"T10"	-0.651	"CAGL0I03190g - -0.651"
"CAGL0I03234g"	"T10"	-1.099	"CAGL0I03234g - -1.099"
"CAGL0I03366g"	"T10"	0.467	"CAGL0I03366g - 0.467"
"CAGL0I04004g"	"T10"	NA	"CAGL0I04004g - NA"
"CAGL0I04048g"	"T10"	NA	"CAGL0I04048g - NA"
"CAGL0I04328g"	"T10"	NA	"CAGL0I04328g - NA"
"CAGL0I04334g"	"T10"	NA	"CAGL0I04334g - NA"
"CAGL0I04444g"	"T10"	-0.227	"CAGL0I04444g - -0.227"
"CAGL0I04686g"	"T10"	-0.051	"CAGL0I04686g - -0.051"
"CAGL0I04730g"	"T10"	0.823	"CAGL0I04730g - 0.823"
"CAGL0I04752g"	"T10"	NA	"CAGL0I04752g - NA"
"CAGL0I04906g"	"T10"	-0.843	"CAGL0I04906g - -0.843"
"CAGL0I04972g"	"T10"	NA	"CAGL0I04972g - NA"
"CAGL0I04994g"	"T10"	-0.334	"CAGL0I04994g - -0.334"
"CAGL0I05060g"	"T10"	NA	"CAGL0I05060g - NA"
"CAGL0I05390g"	"T10"	NA	"CAGL0I05390g - NA"
"CAGL0I05610g"	"T10"	NA	"CAGL0I05610g - NA"
"CAGL0I05874g"	"T10"	0.496	"CAGL0I05874g - 0.496"
"CAGL0I05934g"	"T10"	NA	"CAGL0I05934g - NA"
"CAGL0I06006g"	"T10"	-0.279	"CAGL0I06006g - -0.279"
"CAGL0I06050g"	"T10"	-0.137	"CAGL0I06050g - -0.137"
"CAGL0I06182g"	"T10"	-0.751	"CAGL0I06182g - -0.751"
"CAGL0I06644g"	"T10"	NA	"CAGL0I06644g - NA"
"CAGL0I06743g"	"T10"	NA	"CAGL0I06743g - NA"
"CAGL0I06831g"	"T10"	NA	"CAGL0I06831g - NA"
"CAGL0I07249g"	"T10"	NA	"CAGL0I07249g - NA"
"CAGL0I07491g"	"T10"	NA	"CAGL0I07491g - NA"
"CAGL0I07843g"	"T10"	-0.667	"CAGL0I07843g - -0.667"
"CAGL0I07887g"	"T10"	NA	"CAGL0I07887g - NA"
"CAGL0I07969g"	"T10"	NA	"CAGL0I07969g - NA"
"CAGL0I08305g"	"T10"	NA	"CAGL0I08305g - NA"
"CAGL0I08503g"	"T10"	1.882	"CAGL0I08503g - 1.882"
"CAGL0I08547g"	"T10"	-0.638	"CAGL0I08547g - -0.638"
"CAGL0I08987g"	"T10"	-0.021	"CAGL0I08987g - -0.021"
"CAGL0I09009g"	"T10"	NA	"CAGL0I09009g - NA"
"CAGL0I09086g"	"T10"	NA	"CAGL0I09086g - NA"
"CAGL0I09284g"	"T10"	-0.334	"CAGL0I09284g - -0.334"
"CAGL0I09328g"	"T10"	-0.991	"CAGL0I09328g - -0.991"
"CAGL0I09504g"	"T10"	NA	"CAGL0I09504g - NA"
"CAGL0I09702g"	"T10"	NA	"CAGL0I09702g - NA"
"CAGL0I09724g"	"T10"	NA	"CAGL0I09724g - NA"
"CAGL0I09790g"	"T10"	-0.181	"CAGL0I09790g - -0.181"
"CAGL0I10010g"	"T10"	NA	"CAGL0I10010g - NA"
"CAGL0I10147g"	"T10"	NA	"CAGL0I10147g - NA"
"CAGL0I10384g"	"T10"	NA	"CAGL0I10384g - NA"
"CAGL0I10406g"	"T10"	0.765	"CAGL0I10406g - 0.765"
"CAGL0I10472g"	"T10"	0.378	"CAGL0I10472g - 0.378"
"CAGL0I10670g"	"T10"	1.007	"CAGL0I10670g - 1.007"
"CAGL0I10747g"	"T10"	NA	"CAGL0I10747g - NA"
"CAGL0I10791g"	"T10"	-0.765	"CAGL0I10791g - -0.765"
"CAGL0J00363g"	"T10"	NA	"CAGL0J00363g - NA"
"CAGL0J00429g"	"T10"	0.574	"CAGL0J00429g - 0.574"
"CAGL0J00451g"	"T10"	NA	"CAGL0J00451g - NA"
"CAGL0J00473g"	"T10"	-0.528	"CAGL0J00473g - -0.528"
"CAGL0J00649g"	"T10"	-0.826	"CAGL0J00649g - -0.826"
"CAGL0J00847g"	"T10"	-0.377	"CAGL0J00847g - -0.377"
"CAGL0J01045g"	"T10"	NA	"CAGL0J01045g - NA"
"CAGL0J01441g"	"T10"	-0.591	"CAGL0J01441g - -0.591"
"CAGL0J01848g"	"T10"	NA	"CAGL0J01848g - NA"
"CAGL0J02112g"	"T10"	-0.316	"CAGL0J02112g - -0.316"
"CAGL0J02530g"	"T10"	NA	"CAGL0J02530g - NA"
"CAGL0J02904g"	"T10"	NA	"CAGL0J02904g - NA"
"CAGL0J03080g"	"T10"	NA	"CAGL0J03080g - NA"
"CAGL0J03212g"	"T10"	-0.659	"CAGL0J03212g - -0.659"
"CAGL0J03234g"	"T10"	0.516	"CAGL0J03234g - 0.516"
"CAGL0J03762g"	"T10"	0.355	"CAGL0J03762g - 0.355"
"CAGL0J03806g"	"T10"	0.038	"CAGL0J03806g - 0.038"
"CAGL0J03894g"	"T10"	NA	"CAGL0J03894g - NA"
"CAGL0J03916g"	"T10"	NA	"CAGL0J03916g - NA"
"CAGL0J04004g"	"T10"	NA	"CAGL0J04004g - NA"
"CAGL0J04070g"	"T10"	-1.345	"CAGL0J04070g - -1.345"
"CAGL0J04202g"	"T10"	3.892	"CAGL0J04202g - 3.892"
"CAGL0J04224g"	"T10"	NA	"CAGL0J04224g - NA"
"CAGL0J04268g"	"T10"	-0.556	"CAGL0J04268g - -0.556"
"CAGL0J04290g"	"T10"	NA	"CAGL0J04290g - NA"
"CAGL0J04466g"	"T10"	NA	"CAGL0J04466g - NA"
"CAGL0J04576g"	"T10"	NA	"CAGL0J04576g - NA"
"CAGL0J04950g"	"T10"	NA	"CAGL0J04950g - NA"
"CAGL0J05082g"	"T10"	NA	"CAGL0J05082g - NA"
"CAGL0J05258g"	"T10"	0.098	"CAGL0J05258g - 0.098"
"CAGL0J05390g"	"T10"	NA	"CAGL0J05390g - NA"
"CAGL0J05478g"	"T10"	NA	"CAGL0J05478g - NA"
"CAGL0J05852g"	"T10"	1.165	"CAGL0J05852g - 1.165"
"CAGL0J05984g"	"T10"	-0.624	"CAGL0J05984g - -0.624"
"CAGL0J06374g"	"T10"	-0.321	"CAGL0J06374g - -0.321"
"CAGL0J06380g"	"T10"	NA	"CAGL0J06380g - NA"
"CAGL0J06666g"	"T10"	1.337	"CAGL0J06666g - 1.337"
"CAGL0J07062g"	"T10"	0.131	"CAGL0J07062g - 0.131"
"CAGL0J07568g"	"T10"	-0.02	"CAGL0J07568g - -0.02"
"CAGL0J07678g"	"T10"	0.152	"CAGL0J07678g - 0.152"
"CAGL0J07766g"	"T10"	0.922	"CAGL0J07766g - 0.922"
"CAGL0J07980g"	"T10"	NA	"CAGL0J07980g - NA"
"CAGL0J08547g"	"T10"	NA	"CAGL0J08547g - NA"
"CAGL0J08679g"	"T10"	0.623	"CAGL0J08679g - 0.623"
"CAGL0J09240g"	"T10"	-0.211	"CAGL0J09240g - -0.211"
"CAGL0J09262g"	"T10"	NA	"CAGL0J09262g - NA"
"CAGL0J09328g"	"T10"	NA	"CAGL0J09328g - NA"
"CAGL0J09614g"	"T10"	4.106	"CAGL0J09614g - 4.106"
"CAGL0J09724g"	"T10"	-2.633	"CAGL0J09724g - -2.633"
"CAGL0J09812g"	"T10"	NA	"CAGL0J09812g - NA"
"CAGL0J09944g"	"T10"	NA	"CAGL0J09944g - NA"
"CAGL0J10010g"	"T10"	-0.263	"CAGL0J10010g - -0.263"
"CAGL0J10164g"	"T10"	0.628	"CAGL0J10164g - 0.628"
"CAGL0J10362g"	"T10"	-3.067	"CAGL0J10362g - -3.067"
"CAGL0J10824g"	"T10"	NA	"CAGL0J10824g - NA"
"CAGL0J10846g"	"T10"	NA	"CAGL0J10846g - NA"
"CAGL0J10978g"	"T10"	NA	"CAGL0J10978g - NA"
"CAGL0J11132g"	"T10"	0.072	"CAGL0J11132g - 0.072"
"CAGL0J11682g"	"T10"	0.66	"CAGL0J11682g - 0.66"
"CAGL0J11792g"	"T10"	NA	"CAGL0J11792g - NA"
"CAGL0J11858g"	"T10"	NA	"CAGL0J11858g - NA"
"CAGL0K00110g"	"T10"	-1.602	"CAGL0K00110g - -1.602"
"CAGL0K00715g"	"T10"	NA	"CAGL0K00715g - NA"
"CAGL0K00847g"	"T10"	-0.078	"CAGL0K00847g - -0.078"
"CAGL0K00869g"	"T10"	NA	"CAGL0K00869g - NA"
"CAGL0K01177g"	"T10"	0.003	"CAGL0K01177g - 0.003"
"CAGL0K01749g"	"T10"	NA	"CAGL0K01749g - NA"
"CAGL0K01771g"	"T10"	-0.842	"CAGL0K01771g - -0.842"
"CAGL0K01859g"	"T10"	0.106	"CAGL0K01859g - 0.106"
"CAGL0K02233g"	"T10"	1.296	"CAGL0K02233g - 1.296"
"CAGL0K02409g"	"T10"	1.837	"CAGL0K02409g - 1.837"
"CAGL0K02629g"	"T10"	NA	"CAGL0K02629g - NA"
"CAGL0K02893g"	"T10"	0.661	"CAGL0K02893g - 0.661"
"CAGL0K03091g"	"T10"	2.079	"CAGL0K03091g - 2.079"
"CAGL0K03421g"	"T10"	NA	"CAGL0K03421g - NA"
"CAGL0K03459g"	"T10"	NA	"CAGL0K03459g - NA"
"CAGL0K04103g"	"T10"	NA	"CAGL0K04103g - NA"
"CAGL0K04279g"	"T10"	NA	"CAGL0K04279g - NA"
"CAGL0K04301g"	"T10"	NA	"CAGL0K04301g - NA"
"CAGL0K04367g"	"T10"	NA	"CAGL0K04367g - NA"
"CAGL0K04499g"	"T10"	-0.271	"CAGL0K04499g - -0.271"
"CAGL0K04719g"	"T10"	NA	"CAGL0K04719g - NA"
"CAGL0K04851g"	"T10"	NA	"CAGL0K04851g - NA"
"CAGL0K05137g"	"T10"	NA	"CAGL0K05137g - NA"
"CAGL0K05247g"	"T10"	NA	"CAGL0K05247g - NA"
"CAGL0K05357g"	"T10"	-0.022	"CAGL0K05357g - -0.022"
"CAGL0K05687g"	"T10"	NA	"CAGL0K05687g - NA"
"CAGL0K05753g"	"T10"	NA	"CAGL0K05753g - NA"
"CAGL0K05813g"	"T10"	0.14	"CAGL0K05813g - 0.14"
"CAGL0K06061g"	"T10"	-0.85	"CAGL0K06061g - -0.85"
"CAGL0K06105g"	"T10"	NA	"CAGL0K06105g - NA"
"CAGL0K06259g"	"T10"	-0.201	"CAGL0K06259g - -0.201"
"CAGL0K06567g"	"T10"	-0.051	"CAGL0K06567g - -0.051"
"CAGL0K06633g"	"T10"	NA	"CAGL0K06633g - NA"
"CAGL0K06677g"	"T10"	0.439	"CAGL0K06677g - 0.439"
"CAGL0K07111g"	"T10"	NA	"CAGL0K07111g - NA"
"CAGL0K07183g"	"T10"	NA	"CAGL0K07183g - NA"
"CAGL0K07205g"	"T10"	NA	"CAGL0K07205g - NA"
"CAGL0K07436g"	"T10"	-0.426	"CAGL0K07436g - -0.426"
"CAGL0K07480g"	"T10"	NA	"CAGL0K07480g - NA"
"CAGL0K07546g"	"T10"	NA	"CAGL0K07546g - NA"
"CAGL0K07590g"	"T10"	NA	"CAGL0K07590g - NA"
"CAGL0K07678g"	"T10"	NA	"CAGL0K07678g - NA"
"CAGL0K08184g"	"T10"	0.676	"CAGL0K08184g - 0.676"
"CAGL0K08206g"	"T10"	NA	"CAGL0K08206g - NA"
"CAGL0K08338g"	"T10"	1.596	"CAGL0K08338g - 1.596"
"CAGL0K08536g"	"T10"	1.52	"CAGL0K08536g - 1.52"
"CAGL0K08668g"	"T10"	NA	"CAGL0K08668g - NA"
"CAGL0K08756g"	"T10"	NA	"CAGL0K08756g - NA"
"CAGL0K09042g"	"T10"	-2.287	"CAGL0K09042g - -2.287"
"CAGL0K09372g"	"T10"	NA	"CAGL0K09372g - NA"
"CAGL0K09702g"	"T10"	NA	"CAGL0K09702g - NA"
"CAGL0K09724g"	"T10"	0.9	"CAGL0K09724g - 0.9"
"CAGL0K09988g"	"T10"	-2.314	"CAGL0K09988g - -2.314"
"CAGL0K10340g"	"T10"	-0.129	"CAGL0K10340g - -0.129"
"CAGL0K10362g"	"T10"	0.413	"CAGL0K10362g - 0.413"
"CAGL0K10428g"	"T10"	NA	"CAGL0K10428g - NA"
"CAGL0K10736g"	"T10"	NA	"CAGL0K10736g - NA"
"CAGL0K10780g"	"T10"	-1.079	"CAGL0K10780g - -1.079"
"CAGL0K10824g"	"T10"	NA	"CAGL0K10824g - NA"
"CAGL0K10868g"	"T10"	-0.433	"CAGL0K10868g - -0.433"
"CAGL0K11231g"	"T10"	0.789	"CAGL0K11231g - 0.789"
"CAGL0K11616g"	"T10"	-0.128	"CAGL0K11616g - -0.128"
"CAGL0K11858g"	"T10"	0.186	"CAGL0K11858g - 0.186"
"CAGL0K12100g"	"T10"	0.382	"CAGL0K12100g - 0.382"
"CAGL0K12254g"	"T10"	NA	"CAGL0K12254g - NA"
"CAGL0K12518g"	"T10"	NA	"CAGL0K12518g - NA"
"CAGL0K12980g"	"T10"	NA	"CAGL0K12980g - NA"
"CAGL0L00429g"	"T10"	0.711	"CAGL0L00429g - 0.711"
"CAGL0L00473g"	"T10"	NA	"CAGL0L00473g - NA"
"CAGL0L00649g"	"T10"	NA	"CAGL0L00649g - NA"
"CAGL0L00759g"	"T10"	0.289	"CAGL0L00759g - 0.289"
"CAGL0L00803g"	"T10"	NA	"CAGL0L00803g - NA"
"CAGL0L00957g"	"T10"	-0.514	"CAGL0L00957g - -0.514"
"CAGL0L00979g"	"T10"	NA	"CAGL0L00979g - NA"
"CAGL0L01089g"	"T10"	1.172	"CAGL0L01089g - 1.172"
"CAGL0L01177g"	"T10"	-2.092	"CAGL0L01177g - -2.092"
"CAGL0L01551g"	"T10"	-0.834	"CAGL0L01551g - -0.834"
"CAGL0L01771g"	"T10"	NA	"CAGL0L01771g - NA"
"CAGL0L02079g"	"T10"	0.458	"CAGL0L02079g - 0.458"
"CAGL0L02167g"	"T10"	NA	"CAGL0L02167g - NA"
"CAGL0L02321g"	"T10"	-1.339	"CAGL0L02321g - -1.339"
"CAGL0L02937g"	"T10"	NA	"CAGL0L02937g - NA"
"CAGL0L03135g"	"T10"	NA	"CAGL0L03135g - NA"
"CAGL0L03267g"	"T10"	NA	"CAGL0L03267g - NA"
"CAGL0L03377g"	"T10"	NA	"CAGL0L03377g - NA"
"CAGL0L03696g"	"T10"	NA	"CAGL0L03696g - NA"
"CAGL0L03806g"	"T10"	2.165	"CAGL0L03806g - 2.165"
"CAGL0L03828g"	"T10"	-0.025	"CAGL0L03828g - -0.025"
"CAGL0L03846g"	"T10"	-0.095	"CAGL0L03846g - -0.095"
"CAGL0L03982g"	"T10"	-0.128	"CAGL0L03982g - -0.128"
"CAGL0L04070g"	"T10"	NA	"CAGL0L04070g - NA"
"CAGL0L04510g"	"T10"	NA	"CAGL0L04510g - NA"
"CAGL0L04598g"	"T10"	-1.377	"CAGL0L04598g - -1.377"
"CAGL0L04664g"	"T10"	0.434	"CAGL0L04664g - 0.434"
"CAGL0L05236g"	"T10"	0.295	"CAGL0L05236g - 0.295"
"CAGL0L05258g"	"T10"	-2.005	"CAGL0L05258g - -2.005"
"CAGL0L05500g"	"T10"	3.923	"CAGL0L05500g - 3.923"
"CAGL0L05742g"	"T10"	NA	"CAGL0L05742g - NA"
"CAGL0L05786g"	"T10"	NA	"CAGL0L05786g - NA"
"CAGL0L06094g"	"T10"	-0.537	"CAGL0L06094g - -0.537"
"CAGL0L06160g"	"T10"	-0.498	"CAGL0L06160g - -0.498"
"CAGL0L06512g"	"T10"	NA	"CAGL0L06512g - NA"
"CAGL0L06578g"	"T10"	NA	"CAGL0L06578g - NA"
"CAGL0L06666g"	"T10"	NA	"CAGL0L06666g - NA"
"CAGL0L06776g"	"T10"	NA	"CAGL0L06776g - NA"
"CAGL0L06864g"	"T10"	NA	"CAGL0L06864g - NA"
"CAGL0L07480g"	"T10"	NA	"CAGL0L07480g - NA"
"CAGL0L07502g"	"T10"	NA	"CAGL0L07502g - NA"
"CAGL0L07546g"	"T10"	NA	"CAGL0L07546g - NA"
"CAGL0L08114g"	"T10"	NA	"CAGL0L08114g - NA"
"CAGL0L08118g"	"T10"	NA	"CAGL0L08118g - NA"
"CAGL0L08184g"	"T10"	NA	"CAGL0L08184g - NA"
"CAGL0L08294g"	"T10"	NA	"CAGL0L08294g - NA"
"CAGL0L08426g"	"T10"	NA	"CAGL0L08426g - NA"
"CAGL0L08756g"	"T10"	NA	"CAGL0L08756g - NA"
"CAGL0L09020g"	"T10"	NA	"CAGL0L09020g - NA"
"CAGL0L09086g"	"T10"	NA	"CAGL0L09086g - NA"
"CAGL0L09108g"	"T10"	0.244	"CAGL0L09108g - 0.244"
"CAGL0L09273g"	"T10"	NA	"CAGL0L09273g - NA"
"CAGL0L09383g"	"T10"	NA	"CAGL0L09383g - NA"
"CAGL0L09537g"	"T10"	NA	"CAGL0L09537g - NA"
"CAGL0L10142g"	"T10"	NA	"CAGL0L10142g - NA"
"CAGL0L10164g"	"T10"	0.271	"CAGL0L10164g - 0.271"
"CAGL0L10362g"	"T10"	NA	"CAGL0L10362g - NA"
"CAGL0L10406g"	"T10"	-0.262	"CAGL0L10406g - -0.262"
"CAGL0L10582g"	"T10"	NA	"CAGL0L10582g - NA"
"CAGL0L10780g"	"T10"	-0.063	"CAGL0L10780g - -0.063"
"CAGL0L10868g"	"T10"	-0.693	"CAGL0L10868g - -0.693"
"CAGL0L10890g"	"T10"	-0.844	"CAGL0L10890g - -0.844"
"CAGL0L11000g"	"T10"	-1.218	"CAGL0L11000g - -1.218"
"CAGL0L11506g"	"T10"	NA	"CAGL0L11506g - NA"
"CAGL0L11814g"	"T10"	NA	"CAGL0L11814g - NA"
"CAGL0L11902g"	"T10"	NA	"CAGL0L11902g - NA"
"CAGL0L11990g"	"T10"	NA	"CAGL0L11990g - NA"
"CAGL0L12364g"	"T10"	-0.48	"CAGL0L12364g - -0.48"
"CAGL0L12562g"	"T10"	NA	"CAGL0L12562g - NA"
"CAGL0L12914g"	"T10"	-0.591	"CAGL0L12914g - -0.591"
"CAGL0L12936g"	"T10"	0.174	"CAGL0L12936g - 0.174"
"CAGL0L13156g"	"T10"	NA	"CAGL0L13156g - NA"
"CAGL0L13354g"	"T10"	NA	"CAGL0L13354g - NA"
"CAGL0M00418g"	"T10"	NA	"CAGL0M00418g - NA"
"CAGL0M00770g"	"T10"	NA	"CAGL0M00770g - NA"
"CAGL0M01364g"	"T10"	-0.241	"CAGL0M01364g - -0.241"
"CAGL0M01562g"	"T10"	0.143	"CAGL0M01562g - 0.143"
"CAGL0M02167g"	"T10"	NA	"CAGL0M02167g - NA"
"CAGL0M02211g"	"T10"	-0.723	"CAGL0M02211g - -0.723"
"CAGL0M02387g"	"T10"	NA	"CAGL0M02387g - NA"
"CAGL0M02915g"	"T10"	NA	"CAGL0M02915g - NA"
"CAGL0M03003g"	"T10"	NA	"CAGL0M03003g - NA"
"CAGL0M03025g"	"T10"	NA	"CAGL0M03025g - NA"
"CAGL0M03377g"	"T10"	-0.094	"CAGL0M03377g - -0.094"
"CAGL0M03795g"	"T10"	-1.554	"CAGL0M03795g - -1.554"
"CAGL0M04191g"	"T10"	NA	"CAGL0M04191g - NA"
"CAGL0M04499g"	"T10"	NA	"CAGL0M04499g - NA"
"CAGL0M04675g"	"T10"	0.979	"CAGL0M04675g - 0.979"
"CAGL0M04873g"	"T10"	0.733	"CAGL0M04873g - 0.733"
"CAGL0M05401g"	"T10"	NA	"CAGL0M05401g - NA"
"CAGL0M05511g"	"T10"	NA	"CAGL0M05511g - NA"
"CAGL0M05665g"	"T10"	0.975	"CAGL0M05665g - 0.975"
"CAGL0M05775g"	"T10"	0.987	"CAGL0M05775g - 0.987"
"CAGL0M05951g"	"T10"	NA	"CAGL0M05951g - NA"
"CAGL0M05995g"	"T10"	-0.489	"CAGL0M05995g - -0.489"
"CAGL0M06369g"	"T10"	-1.914	"CAGL0M06369g - -1.914"
"CAGL0M06457g"	"T10"	-1.587	"CAGL0M06457g - -1.587"
"CAGL0M06633g"	"T10"	2.863	"CAGL0M06633g - 2.863"
"CAGL0M06963g"	"T10"	NA	"CAGL0M06963g - NA"
"CAGL0M07001g"	"T10"	NA	"CAGL0M07001g - NA"
"CAGL0M07271g"	"T10"	3.569	"CAGL0M07271g - 3.569"
"CAGL0M07403g"	"T10"	NA	"CAGL0M07403g - NA"
"CAGL0M07656g"	"T10"	-0.264	"CAGL0M07656g - -0.264"
"CAGL0M07722g"	"T10"	1.059	"CAGL0M07722g - 1.059"
"CAGL0M08184g"	"T10"	NA	"CAGL0M08184g - NA"
"CAGL0M08602g"	"T10"	NA	"CAGL0M08602g - NA"
"CAGL0M09020g"	"T10"	NA	"CAGL0M09020g - NA"
"CAGL0M09229g"	"T10"	NA	"CAGL0M09229g - NA"
"CAGL0M09581g"	"T10"	0.321	"CAGL0M09581g - 0.321"
"CAGL0M09669g"	"T10"	NA	"CAGL0M09669g - NA"
"CAGL0M09713g"	"T10"	1.106	"CAGL0M09713g - 1.106"
"CAGL0M10241g"	"T10"	0.12	"CAGL0M10241g - 0.12"
"CAGL0M11000g"	"T10"	NA	"CAGL0M11000g - NA"
"CAGL0M11110g"	"T10"	0.034	"CAGL0M11110g - 0.034"
"CAGL0M11704g"	"T10"	-0.379	"CAGL0M11704g - -0.379"
"CAGL0M11902g"	"T10"	NA	"CAGL0M11902g - NA"
"CAGL0M12551g"	"T10"	NA	"CAGL0M12551g - NA"
"CAGL0M12881g"	"T10"	0.408	"CAGL0M12881g - 0.408"
"CAGL0M12947g"	"T10"	NA	"CAGL0M12947g - NA"
"CAGL0M13717g"	"T10"	0.077	"CAGL0M13717g - 0.077"
"CAGL0M14069g"	"T10"	NA	"CAGL0M14069g - NA"
"CAGL0A00737g"	"T60"	NA	"CAGL0A00737g - NA"
"CAGL0A00979g"	"T60"	0.291	"CAGL0A00979g - 0.291"
"CAGL0A01067g"	"T60"	-0.092	"CAGL0A01067g - -0.092"
"CAGL0A01089g"	"T60"	NA	"CAGL0A01089g - NA"
"CAGL0A01199g"	"T60"	NA	"CAGL0A01199g - NA"
"CAGL0A01221g"	"T60"	-1.1	"CAGL0A01221g - -1.1"
"CAGL0A01243g"	"T60"	NA	"CAGL0A01243g - NA"
"CAGL0A01650g"	"T60"	NA	"CAGL0A01650g - NA"
"CAGL0A01716g"	"T60"	0.954	"CAGL0A01716g - 0.954"
"CAGL0A01782g"	"T60"	NA	"CAGL0A01782g - NA"
"CAGL0A01826g"	"T60"	NA	"CAGL0A01826g - NA"
"CAGL0A02002g"	"T60"	NA	"CAGL0A02002g - NA"
"CAGL0A02112g"	"T60"	-0.584	"CAGL0A02112g - -0.584"
"CAGL0A02145g"	"T60"	NA	"CAGL0A02145g - NA"
"CAGL0A02211g"	"T60"	NA	"CAGL0A02211g - NA"
"CAGL0A02233g"	"T60"	NA	"CAGL0A02233g - NA"
"CAGL0A02277g"	"T60"	NA	"CAGL0A02277g - NA"
"CAGL0A02299g"	"T60"	1.092	"CAGL0A02299g - 1.092"
"CAGL0A02816g"	"T60"	0.554	"CAGL0A02816g - 0.554"
"CAGL0A03102g"	"T60"	-2.944	"CAGL0A03102g - -2.944"
"CAGL0A03366g"	"T60"	0.036	"CAGL0A03366g - 0.036"
"CAGL0A03476g"	"T60"	NA	"CAGL0A03476g - NA"
"CAGL0A03542g"	"T60"	0.562	"CAGL0A03542g - 0.562"
"CAGL0A03740g"	"T60"	NA	"CAGL0A03740g - NA"
"CAGL0A03905g"	"T60"	NA	"CAGL0A03905g - NA"
"CAGL0A04015g"	"T60"	-0.708	"CAGL0A04015g - -0.708"
"CAGL0A04499g"	"T60"	NA	"CAGL0A04499g - NA"
"CAGL0A04653g"	"T60"	NA	"CAGL0A04653g - NA"
"CAGL0A04829g"	"T60"	0.223	"CAGL0A04829g - 0.223"
"CAGL0B00286g"	"T60"	NA	"CAGL0B00286g - NA"
"CAGL0B00594g"	"T60"	NA	"CAGL0B00594g - NA"
"CAGL0B00792g"	"T60"	-0.508	"CAGL0B00792g - -0.508"
"CAGL0B00814g"	"T60"	0.593	"CAGL0B00814g - 0.593"
"CAGL0B00946g"	"T60"	0.621	"CAGL0B00946g - 0.621"
"CAGL0B00990g"	"T60"	1.209	"CAGL0B00990g - 1.209"
"CAGL0B01012g"	"T60"	NA	"CAGL0B01012g - NA"
"CAGL0B01122g"	"T60"	-0.373	"CAGL0B01122g - -0.373"
"CAGL0B01507g"	"T60"	-0.3	"CAGL0B01507g - -0.3"
"CAGL0B01639g"	"T60"	NA	"CAGL0B01639g - NA"
"CAGL0B01727g"	"T60"	NA	"CAGL0B01727g - NA"
"CAGL0B01881g"	"T60"	-1.132	"CAGL0B01881g - -1.132"
"CAGL0B02475g"	"T60"	NA	"CAGL0B02475g - NA"
"CAGL0B02585g"	"T60"	-0.721	"CAGL0B02585g - -0.721"
"CAGL0B02717g"	"T60"	-0.323	"CAGL0B02717g - -0.323"
"CAGL0B02794g"	"T60"	-0.264	"CAGL0B02794g - -0.264"
"CAGL0B02838g"	"T60"	NA	"CAGL0B02838g - NA"
"CAGL0B02860g"	"T60"	NA	"CAGL0B02860g - NA"
"CAGL0B02904g"	"T60"	NA	"CAGL0B02904g - NA"
"CAGL0B02970g"	"T60"	NA	"CAGL0B02970g - NA"
"CAGL0B03421g"	"T60"	NA	"CAGL0B03421g - NA"
"CAGL0B03619g"	"T60"	0.535	"CAGL0B03619g - 0.535"
"CAGL0B03663g"	"T60"	NA	"CAGL0B03663g - NA"
"CAGL0B03817g"	"T60"	NA	"CAGL0B03817g - NA"
"CAGL0B03993g"	"T60"	-0.52	"CAGL0B03993g - -0.52"
"CAGL0B04213g"	"T60"	NA	"CAGL0B04213g - NA"
"CAGL0B04433g"	"T60"	NA	"CAGL0B04433g - NA"
"CAGL0B04675g"	"T60"	3.135	"CAGL0B04675g - 3.135"
"CAGL0C00110g"	"T60"	NA	"CAGL0C00110g - NA"
"CAGL0C00275g"	"T60"	1.27	"CAGL0C00275g - 1.27"
"CAGL0C00495g"	"T60"	1.028	"CAGL0C00495g - 1.028"
"CAGL0C00539g"	"T60"	NA	"CAGL0C00539g - NA"
"CAGL0C00759g"	"T60"	NA	"CAGL0C00759g - NA"
"CAGL0C00968g"	"T60"	NA	"CAGL0C00968g - NA"
"CAGL0C01133g"	"T60"	NA	"CAGL0C01133g - NA"
"CAGL0C01287g"	"T60"	-0.126	"CAGL0C01287g - -0.126"
"CAGL0C01325g"	"T60"	-0.302	"CAGL0C01325g - -0.302"
"CAGL0C01595g"	"T60"	0.339	"CAGL0C01595g - 0.339"
"CAGL0C01727g"	"T60"	NA	"CAGL0C01727g - NA"
"CAGL0C01749g"	"T60"	NA	"CAGL0C01749g - NA"
"CAGL0C01771g"	"T60"	NA	"CAGL0C01771g - NA"
"CAGL0C02035g"	"T60"	-0.068	"CAGL0C02035g - -0.068"
"CAGL0C02233g"	"T60"	0.12	"CAGL0C02233g - 0.12"
"CAGL0C02365g"	"T60"	NA	"CAGL0C02365g - NA"
"CAGL0C02739g"	"T60"	0.533	"CAGL0C02739g - 0.533"
"CAGL0C03113g"	"T60"	0.397	"CAGL0C03113g - 0.397"
"CAGL0C03267g"	"T60"	NA	"CAGL0C03267g - NA"
"CAGL0C03333g"	"T60"	NA	"CAGL0C03333g - NA"
"CAGL0C03443g"	"T60"	-0.064	"CAGL0C03443g - -0.064"
"CAGL0C03487g"	"T60"	NA	"CAGL0C03487g - NA"
"CAGL0C03608g"	"T60"	NA	"CAGL0C03608g - NA"
"CAGL0C03630g"	"T60"	-0.101	"CAGL0C03630g - -0.101"
"CAGL0C03652g"	"T60"	NA	"CAGL0C03652g - NA"
"CAGL0C03850g"	"T60"	0.083	"CAGL0C03850g - 0.083"
"CAGL0C03872g"	"T60"	NA	"CAGL0C03872g - NA"
"CAGL0C04191g"	"T60"	0.386	"CAGL0C04191g - 0.386"
"CAGL0C04279g"	"T60"	-0.143	"CAGL0C04279g - -0.143"
"CAGL0C04587g"	"T60"	-0.03	"CAGL0C04587g - -0.03"
"CAGL0C04917g"	"T60"	-0.193	"CAGL0C04917g - -0.193"
"CAGL0C05027g"	"T60"	NA	"CAGL0C05027g - NA"
"CAGL0C05115g"	"T60"	-0.536	"CAGL0C05115g - -0.536"
"CAGL0C05445g"	"T60"	NA	"CAGL0C05445g - NA"
"CAGL0D00198g"	"T60"	NA	"CAGL0D00198g - NA"
"CAGL0D00264g"	"T60"	NA	"CAGL0D00264g - NA"
"CAGL0D00352g"	"T60"	-0.733	"CAGL0D00352g - -0.733"
"CAGL0D00418g"	"T60"	NA	"CAGL0D00418g - NA"
"CAGL0D00528g"	"T60"	-0.136	"CAGL0D00528g - -0.136"
"CAGL0D00704g"	"T60"	NA	"CAGL0D00704g - NA"
"CAGL0D00748g"	"T60"	-0.65	"CAGL0D00748g - -0.65"
"CAGL0D00770g"	"T60"	0.039	"CAGL0D00770g - 0.039"
"CAGL0D00880g"	"T60"	-1.041	"CAGL0D00880g - -1.041"
"CAGL0D01265g"	"T60"	NA	"CAGL0D01265g - NA"
"CAGL0D01298g"	"T60"	0.117	"CAGL0D01298g - 0.117"
"CAGL0D01474g"	"T60"	NA	"CAGL0D01474g - NA"
"CAGL0D01562g"	"T60"	1.048	"CAGL0D01562g - 1.048"
"CAGL0D01958g"	"T60"	-1.017	"CAGL0D01958g - -1.017"
"CAGL0D02134g"	"T60"	NA	"CAGL0D02134g - NA"
"CAGL0D02596g"	"T60"	NA	"CAGL0D02596g - NA"
"CAGL0D02640g"	"T60"	NA	"CAGL0D02640g - NA"
"CAGL0D02662g"	"T60"	NA	"CAGL0D02662g - NA"
"CAGL0D03982g"	"T60"	0.79	"CAGL0D03982g - 0.79"
"CAGL0D04026g"	"T60"	-0.57	"CAGL0D04026g - -0.57"
"CAGL0D04356g"	"T60"	-0.116	"CAGL0D04356g - -0.116"
"CAGL0D04686g"	"T60"	NA	"CAGL0D04686g - NA"
"CAGL0D04708g"	"T60"	NA	"CAGL0D04708g - NA"
"CAGL0D05060g"	"T60"	-0.414	"CAGL0D05060g - -0.414"
"CAGL0D05082g"	"T60"	NA	"CAGL0D05082g - NA"
"CAGL0D05192g"	"T60"	NA	"CAGL0D05192g - NA"
"CAGL0D05280g"	"T60"	-0.402	"CAGL0D05280g - -0.402"
"CAGL0D05434g"	"T60"	NA	"CAGL0D05434g - NA"
"CAGL0D05940g"	"T60"	-2.003	"CAGL0D05940g - -2.003"
"CAGL0D06402g"	"T60"	-0.149	"CAGL0D06402g - -0.149"
"CAGL0D06424g"	"T60"	-0.619	"CAGL0D06424g - -0.619"
"CAGL0D06600g"	"T60"	NA	"CAGL0D06600g - NA"
"CAGL0E00737g"	"T60"	0.629	"CAGL0E00737g - 0.629"
"CAGL0E00803g"	"T60"	0.724	"CAGL0E00803g - 0.724"
"CAGL0E01155g"	"T60"	0.044	"CAGL0E01155g - 0.044"
"CAGL0E01243g"	"T60"	NA	"CAGL0E01243g - NA"
"CAGL0E01287g"	"T60"	-0.273	"CAGL0E01287g - -0.273"
"CAGL0E01705g"	"T60"	0.581	"CAGL0E01705g - 0.581"
"CAGL0E01727g"	"T60"	NA	"CAGL0E01727g - NA"
"CAGL0E01771g"	"T60"	NA	"CAGL0E01771g - NA"
"CAGL0E01793g"	"T60"	-0.58	"CAGL0E01793g - -0.58"
"CAGL0E01815g"	"T60"	NA	"CAGL0E01815g - NA"
"CAGL0E01837g"	"T60"	NA	"CAGL0E01837g - NA"
"CAGL0E01881g"	"T60"	NA	"CAGL0E01881g - NA"
"CAGL0E01991g"	"T60"	-0.04	"CAGL0E01991g - -0.04"
"CAGL0E02013g"	"T60"	-0.581	"CAGL0E02013g - -0.581"
"CAGL0E02255g"	"T60"	0.751	"CAGL0E02255g - 0.751"
"CAGL0E02651g"	"T60"	NA	"CAGL0E02651g - NA"
"CAGL0E03025g"	"T60"	NA	"CAGL0E03025g - NA"
"CAGL0E03289g"	"T60"	-0.275	"CAGL0E03289g - -0.275"
"CAGL0E03520g"	"T60"	-0.144	"CAGL0E03520g - -0.144"
"CAGL0E03850g"	"T60"	-0.489	"CAGL0E03850g - -0.489"
"CAGL0E03916g"	"T60"	NA	"CAGL0E03916g - NA"
"CAGL0E03938g"	"T60"	-0.244	"CAGL0E03938g - -0.244"
"CAGL0E04092g"	"T60"	1.515	"CAGL0E04092g - 1.515"
"CAGL0E04224g"	"T60"	NA	"CAGL0E04224g - NA"
"CAGL0E04334g"	"T60"	-1.172	"CAGL0E04334g - -1.172"
"CAGL0E04510g"	"T60"	NA	"CAGL0E04510g - NA"
"CAGL0E04548g"	"T60"	NA	"CAGL0E04548g - NA"
"CAGL0E04554g"	"T60"	NA	"CAGL0E04554g - NA"
"CAGL0E04884g"	"T60"	NA	"CAGL0E04884g - NA"
"CAGL0E04994g"	"T60"	-0.344	"CAGL0E04994g - -0.344"
"CAGL0E05148g"	"T60"	1.165	"CAGL0E05148g - 1.165"
"CAGL0E05170g"	"T60"	NA	"CAGL0E05170g - NA"
"CAGL0E05346g"	"T60"	0.082	"CAGL0E05346g - 0.082"
"CAGL0E05456g"	"T60"	NA	"CAGL0E05456g - NA"
"CAGL0E05500g"	"T60"	-0.6	"CAGL0E05500g - -0.6"
"CAGL0E05588g"	"T60"	NA	"CAGL0E05588g - NA"
"CAGL0E05654g"	"T60"	NA	"CAGL0E05654g - NA"
"CAGL0E05830g"	"T60"	-0.13	"CAGL0E05830g - -0.13"
"CAGL0E06072g"	"T60"	NA	"CAGL0E06072g - NA"
"CAGL0E06116g"	"T60"	NA	"CAGL0E06116g - NA"
"CAGL0E06138g"	"T60"	-0.75	"CAGL0E06138g - -0.75"
"CAGL0E06380g"	"T60"	NA	"CAGL0E06380g - NA"
"CAGL0E06424g"	"T60"	0.224	"CAGL0E06424g - 0.224"
"CAGL0F00187g"	"T60"	NA	"CAGL0F00187g - NA"
"CAGL0F00209g"	"T60"	NA	"CAGL0F00209g - NA"
"CAGL0F00231g"	"T60"	0.03	"CAGL0F00231g - 0.03"
"CAGL0F00407g"	"T60"	-0.309	"CAGL0F00407g - -0.309"
"CAGL0F00429g"	"T60"	0.078	"CAGL0F00429g - 0.078"
"CAGL0F00605g"	"T60"	1.086	"CAGL0F00605g - 1.086"
"CAGL0F00649g"	"T60"	NA	"CAGL0F00649g - NA"
"CAGL0F00715g"	"T60"	NA	"CAGL0F00715g - NA"
"CAGL0F01045g"	"T60"	-0.263	"CAGL0F01045g - -0.263"
"CAGL0F01265g"	"T60"	NA	"CAGL0F01265g - NA"
"CAGL0F01419g"	"T60"	NA	"CAGL0F01419g - NA"
"CAGL0F01463g"	"T60"	-0.398	"CAGL0F01463g - -0.398"
"CAGL0F01485g"	"T60"	NA	"CAGL0F01485g - NA"
"CAGL0F01749g"	"T60"	-0.28	"CAGL0F01749g - -0.28"
"CAGL0F02101g"	"T60"	NA	"CAGL0F02101g - NA"
"CAGL0F02145g"	"T60"	NA	"CAGL0F02145g - NA"
"CAGL0F02233g"	"T60"	-0.105	"CAGL0F02233g - -0.105"
"CAGL0F02431g"	"T60"	-0.452	"CAGL0F02431g - -0.452"
"CAGL0F02513g"	"T60"	NA	"CAGL0F02513g - NA"
"CAGL0F02563g"	"T60"	-0.305	"CAGL0F02563g - -0.305"
"CAGL0F03399g"	"T60"	-1.672	"CAGL0F03399g - -1.672"
"CAGL0F03553g"	"T60"	0.669	"CAGL0F03553g - 0.669"
"CAGL0F03861g"	"T60"	-0.834	"CAGL0F03861g - -0.834"
"CAGL0F03927g"	"T60"	-0.101	"CAGL0F03927g - -0.101"
"CAGL0F03993g"	"T60"	0.696	"CAGL0F03993g - 0.696"
"CAGL0F04191g"	"T60"	NA	"CAGL0F04191g - NA"
"CAGL0F04213g"	"T60"	-0.455	"CAGL0F04213g - -0.455"
"CAGL0F04411g"	"T60"	NA	"CAGL0F04411g - NA"
"CAGL0F04565g"	"T60"	-0.115	"CAGL0F04565g - -0.115"
"CAGL0F04631g"	"T60"	NA	"CAGL0F04631g - NA"
"CAGL0F04719g"	"T60"	0.496	"CAGL0F04719g - 0.496"
"CAGL0F04807g"	"T60"	1.805	"CAGL0F04807g - 1.805"
"CAGL0F04895g"	"T60"	0.896	"CAGL0F04895g - 0.896"
"CAGL0F04917g"	"T60"	NA	"CAGL0F04917g - NA"
"CAGL0F05071g"	"T60"	NA	"CAGL0F05071g - NA"
"CAGL0F05093g"	"T60"	NA	"CAGL0F05093g - NA"
"CAGL0F05687g"	"T60"	NA	"CAGL0F05687g - NA"
"CAGL0F05709g"	"T60"	NA	"CAGL0F05709g - NA"
"CAGL0F05863g"	"T60"	-0.389	"CAGL0F05863g - -0.389"
"CAGL0F06413g"	"T60"	NA	"CAGL0F06413g - NA"
"CAGL0F06501g"	"T60"	-0.376	"CAGL0F06501g - -0.376"
"CAGL0F06677g"	"T60"	NA	"CAGL0F06677g - NA"
"CAGL0F07029g"	"T60"	-0.334	"CAGL0F07029g - -0.334"
"CAGL0F07117g"	"T60"	NA	"CAGL0F07117g - NA"
"CAGL0F07513g"	"T60"	NA	"CAGL0F07513g - NA"
"CAGL0F07865g"	"T60"	NA	"CAGL0F07865g - NA"
"CAGL0F07953g"	"T60"	NA	"CAGL0F07953g - NA"
"CAGL0F08019g"	"T60"	NA	"CAGL0F08019g - NA"
"CAGL0F08085g"	"T60"	NA	"CAGL0F08085g - NA"
"CAGL0F08195g"	"T60"	NA	"CAGL0F08195g - NA"
"CAGL0F08217g"	"T60"	NA	"CAGL0F08217g - NA"
"CAGL0F08261g"	"T60"	0.155	"CAGL0F08261g - 0.155"
"CAGL0F08745g"	"T60"	NA	"CAGL0F08745g - NA"
"CAGL0G01122g"	"T60"	NA	"CAGL0G01122g - NA"
"CAGL0G01166g"	"T60"	0.05	"CAGL0G01166g - 0.05"
"CAGL0G01540g"	"T60"	-0.033	"CAGL0G01540g - -0.033"
"CAGL0G01826g"	"T60"	-0.161	"CAGL0G01826g - -0.161"
"CAGL0G02255g"	"T60"	NA	"CAGL0G02255g - NA"
"CAGL0G02409g"	"T60"	-0.456	"CAGL0G02409g - -0.456"
"CAGL0G02563g"	"T60"	NA	"CAGL0G02563g - NA"
"CAGL0G02585g"	"T60"	0.087	"CAGL0G02585g - 0.087"
"CAGL0G02849g"	"T60"	0.669	"CAGL0G02849g - 0.669"
"CAGL0G02937g"	"T60"	NA	"CAGL0G02937g - NA"
"CAGL0G03289g"	"T60"	0.869	"CAGL0G03289g - 0.869"
"CAGL0G03575g"	"T60"	-0.429	"CAGL0G03575g - -0.429"
"CAGL0G03883g"	"T60"	0.422	"CAGL0G03883g - 0.422"
"CAGL0G03905g"	"T60"	NA	"CAGL0G03905g - NA"
"CAGL0G04433g"	"T60"	NA	"CAGL0G04433g - NA"
"CAGL0G04499g"	"T60"	NA	"CAGL0G04499g - NA"
"CAGL0G04763g"	"T60"	NA	"CAGL0G04763g - NA"
"CAGL0G05566g"	"T60"	0.248	"CAGL0G05566g - 0.248"
"CAGL0G05698g"	"T60"	NA	"CAGL0G05698g - NA"
"CAGL0G05764g"	"T60"	NA	"CAGL0G05764g - NA"
"CAGL0G05830g"	"T60"	NA	"CAGL0G05830g - NA"
"CAGL0G05874g"	"T60"	0.633	"CAGL0G05874g - 0.633"
"CAGL0G05962g"	"T60"	NA	"CAGL0G05962g - NA"
"CAGL0G06006g"	"T60"	NA	"CAGL0G06006g - NA"
"CAGL0G06050g"	"T60"	NA	"CAGL0G06050g - NA"
"CAGL0G06248g"	"T60"	-0.482	"CAGL0G06248g - -0.482"
"CAGL0G06402g"	"T60"	-0.224	"CAGL0G06402g - -0.224"
"CAGL0G06468g"	"T60"	NA	"CAGL0G06468g - NA"
"CAGL0G06490g"	"T60"	-0.075	"CAGL0G06490g - -0.075"
"CAGL0G06732g"	"T60"	0.16	"CAGL0G06732g - 0.16"
"CAGL0G06798g"	"T60"	0.126	"CAGL0G06798g - 0.126"
"CAGL0G06952g"	"T60"	NA	"CAGL0G06952g - NA"
"CAGL0G07106g"	"T60"	-0.474	"CAGL0G07106g - -0.474"
"CAGL0G07711g"	"T60"	-0.12	"CAGL0G07711g - -0.12"
"CAGL0G07821g"	"T60"	NA	"CAGL0G07821g - NA"
"CAGL0G08019g"	"T60"	NA	"CAGL0G08019g - NA"
"CAGL0G08041g"	"T60"	-0.714	"CAGL0G08041g - -0.714"
"CAGL0G08712g"	"T60"	-0.067	"CAGL0G08712g - -0.067"
"CAGL0G08734g"	"T60"	-0.363	"CAGL0G08734g - -0.363"
"CAGL0G09064g"	"T60"	NA	"CAGL0G09064g - NA"
"CAGL0G09130g"	"T60"	-0.144	"CAGL0G09130g - -0.144"
"CAGL0G09383g"	"T60"	-0.338	"CAGL0G09383g - -0.338"
"CAGL0G09691g"	"T60"	-0.249	"CAGL0G09691g - -0.249"
"CAGL0G09977g"	"T60"	NA	"CAGL0G09977g - NA"
"CAGL0G10131g"	"T60"	-0.145	"CAGL0G10131g - -0.145"
"CAGL0G10153g"	"T60"	0.012	"CAGL0G10153g - 0.012"
"CAGL0G10175g"	"T60"	NA	"CAGL0G10175g - NA"
"CAGL0H00418g"	"T60"	1.494	"CAGL0H00418g - 1.494"
"CAGL0H00440g"	"T60"	NA	"CAGL0H00440g - NA"
"CAGL0H00506g"	"T60"	0.214	"CAGL0H00506g - 0.214"
"CAGL0H00572g"	"T60"	NA	"CAGL0H00572g - NA"
"CAGL0H00594g"	"T60"	NA	"CAGL0H00594g - NA"
"CAGL0H00682g"	"T60"	NA	"CAGL0H00682g - NA"
"CAGL0H00704g"	"T60"	NA	"CAGL0H00704g - NA"
"CAGL0H00825g"	"T60"	NA	"CAGL0H00825g - NA"
"CAGL0H02101g"	"T60"	1.845	"CAGL0H02101g - 1.845"
"CAGL0H02387g"	"T60"	NA	"CAGL0H02387g - NA"
"CAGL0H02491g"	"T60"	NA	"CAGL0H02491g - NA"
"CAGL0H02563g"	"T60"	NA	"CAGL0H02563g - NA"
"CAGL0H02585g"	"T60"	0.249	"CAGL0H02585g - 0.249"
"CAGL0H02893g"	"T60"	NA	"CAGL0H02893g - NA"
"CAGL0H02959g"	"T60"	NA	"CAGL0H02959g - NA"
"CAGL0H03179g"	"T60"	NA	"CAGL0H03179g - NA"
"CAGL0H03487g"	"T60"	NA	"CAGL0H03487g - NA"
"CAGL0H03751g"	"T60"	NA	"CAGL0H03751g - NA"
"CAGL0H03795g"	"T60"	0.235	"CAGL0H03795g - 0.235"
"CAGL0H03993g"	"T60"	0.004	"CAGL0H03993g - 0.004"
"CAGL0H04037g"	"T60"	NA	"CAGL0H04037g - NA"
"CAGL0H04081g"	"T60"	-0.313	"CAGL0H04081g - -0.313"
"CAGL0H04125g"	"T60"	-0.269	"CAGL0H04125g - -0.269"
"CAGL0H04191g"	"T60"	-0.332	"CAGL0H04191g - -0.332"
"CAGL0H04851g"	"T60"	NA	"CAGL0H04851g - NA"
"CAGL0H04939g"	"T60"	NA	"CAGL0H04939g - NA"
"CAGL0H05137g"	"T60"	-0.526	"CAGL0H05137g - -0.526"
"CAGL0H05445g"	"T60"	-0.071	"CAGL0H05445g - -0.071"
"CAGL0H05643g"	"T60"	-0.694	"CAGL0H05643g - -0.694"
"CAGL0H06545g"	"T60"	NA	"CAGL0H06545g - NA"
"CAGL0H06699g"	"T60"	0.189	"CAGL0H06699g - 0.189"
"CAGL0H06787g"	"T60"	0.223	"CAGL0H06787g - 0.223"
"CAGL0H07051g"	"T60"	-0.305	"CAGL0H07051g - -0.305"
"CAGL0H07337g"	"T60"	NA	"CAGL0H07337g - NA"
"CAGL0H07579g"	"T60"	-0.098	"CAGL0H07579g - -0.098"
"CAGL0H07887g"	"T60"	-0.038	"CAGL0H07887g - -0.038"
"CAGL0H08063g"	"T60"	NA	"CAGL0H08063g - NA"
"CAGL0H08261g"	"T60"	NA	"CAGL0H08261g - NA"
"CAGL0H08541g"	"T60"	0.478	"CAGL0H08541g - 0.478"
"CAGL0H08624g"	"T60"	NA	"CAGL0H08624g - NA"
"CAGL0H08822g"	"T60"	NA	"CAGL0H08822g - NA"
"CAGL0H08844g"	"T60"	2.163	"CAGL0H08844g - 2.163"
"CAGL0H09064g"	"T60"	-0.133	"CAGL0H09064g - -0.133"
"CAGL0H09460g"	"T60"	-0.542	"CAGL0H09460g - -0.542"
"CAGL0H09592g"	"T60"	NA	"CAGL0H09592g - NA"
"CAGL0H09614g"	"T60"	NA	"CAGL0H09614g - NA"
"CAGL0H09944g"	"T60"	0.826	"CAGL0H09944g - 0.826"
"CAGL0H09966g"	"T60"	NA	"CAGL0H09966g - NA"
"CAGL0H10010g"	"T60"	NA	"CAGL0H10010g - NA"
"CAGL0H10076g"	"T60"	-1.346	"CAGL0H10076g - -1.346"
"CAGL0H10142g"	"T60"	0.021	"CAGL0H10142g - 0.021"
"CAGL0I00286g"	"T60"	NA	"CAGL0I00286g - NA"
"CAGL0I00462g"	"T60"	0.16	"CAGL0I00462g - 0.16"
"CAGL0I00528g"	"T60"	NA	"CAGL0I00528g - NA"
"CAGL0I00550g"	"T60"	NA	"CAGL0I00550g - NA"
"CAGL0I00748g"	"T60"	-0.131	"CAGL0I00748g - -0.131"
"CAGL0I00792g"	"T60"	-0.241	"CAGL0I00792g - -0.241"
"CAGL0I00814g"	"T60"	-0.041	"CAGL0I00814g - -0.041"
"CAGL0I01100g"	"T60"	0.892	"CAGL0I01100g - 0.892"
"CAGL0I01166g"	"T60"	0.511	"CAGL0I01166g - 0.511"
"CAGL0I01276g"	"T60"	0.461	"CAGL0I01276g - 0.461"
"CAGL0I01298g"	"T60"	-0.56	"CAGL0I01298g - -0.56"
"CAGL0I01408g"	"T60"	0.044	"CAGL0I01408g - 0.044"
"CAGL0I01980g"	"T60"	NA	"CAGL0I01980g - NA"
"CAGL0I02024g"	"T60"	NA	"CAGL0I02024g - NA"
"CAGL0I02134g"	"T60"	NA	"CAGL0I02134g - NA"
"CAGL0I02486g"	"T60"	-0.176	"CAGL0I02486g - -0.176"
"CAGL0I02508g"	"T60"	NA	"CAGL0I02508g - NA"
"CAGL0I02530g"	"T60"	0.99	"CAGL0I02530g - 0.99"
"CAGL0I02728g"	"T60"	NA	"CAGL0I02728g - NA"
"CAGL0I03036g"	"T60"	-0.116	"CAGL0I03036g - -0.116"
"CAGL0I03080g"	"T60"	0.681	"CAGL0I03080g - 0.681"
"CAGL0I03190g"	"T60"	-0.053	"CAGL0I03190g - -0.053"
"CAGL0I03234g"	"T60"	0.148	"CAGL0I03234g - 0.148"
"CAGL0I03366g"	"T60"	0.31	"CAGL0I03366g - 0.31"
"CAGL0I04004g"	"T60"	NA	"CAGL0I04004g - NA"
"CAGL0I04048g"	"T60"	NA	"CAGL0I04048g - NA"
"CAGL0I04328g"	"T60"	NA	"CAGL0I04328g - NA"
"CAGL0I04334g"	"T60"	NA	"CAGL0I04334g - NA"
"CAGL0I04444g"	"T60"	0.084	"CAGL0I04444g - 0.084"
"CAGL0I04686g"	"T60"	0.187	"CAGL0I04686g - 0.187"
"CAGL0I04730g"	"T60"	-0.091	"CAGL0I04730g - -0.091"
"CAGL0I04752g"	"T60"	NA	"CAGL0I04752g - NA"
"CAGL0I04906g"	"T60"	0.531	"CAGL0I04906g - 0.531"
"CAGL0I04972g"	"T60"	NA	"CAGL0I04972g - NA"
"CAGL0I04994g"	"T60"	-0.145	"CAGL0I04994g - -0.145"
"CAGL0I05060g"	"T60"	NA	"CAGL0I05060g - NA"
"CAGL0I05390g"	"T60"	NA	"CAGL0I05390g - NA"
"CAGL0I05610g"	"T60"	NA	"CAGL0I05610g - NA"
"CAGL0I05874g"	"T60"	0.665	"CAGL0I05874g - 0.665"
"CAGL0I05934g"	"T60"	NA	"CAGL0I05934g - NA"
"CAGL0I06006g"	"T60"	-0.141	"CAGL0I06006g - -0.141"
"CAGL0I06050g"	"T60"	-0.318	"CAGL0I06050g - -0.318"
"CAGL0I06182g"	"T60"	-0.614	"CAGL0I06182g - -0.614"
"CAGL0I06644g"	"T60"	NA	"CAGL0I06644g - NA"
"CAGL0I06743g"	"T60"	NA	"CAGL0I06743g - NA"
"CAGL0I06831g"	"T60"	NA	"CAGL0I06831g - NA"
"CAGL0I07249g"	"T60"	NA	"CAGL0I07249g - NA"
"CAGL0I07491g"	"T60"	NA	"CAGL0I07491g - NA"
"CAGL0I07843g"	"T60"	-0.406	"CAGL0I07843g - -0.406"
"CAGL0I07887g"	"T60"	NA	"CAGL0I07887g - NA"
"CAGL0I07969g"	"T60"	NA	"CAGL0I07969g - NA"
"CAGL0I08305g"	"T60"	NA	"CAGL0I08305g - NA"
"CAGL0I08503g"	"T60"	-0.418	"CAGL0I08503g - -0.418"
"CAGL0I08547g"	"T60"	-0.28	"CAGL0I08547g - -0.28"
"CAGL0I08987g"	"T60"	-0.262	"CAGL0I08987g - -0.262"
"CAGL0I09009g"	"T60"	NA	"CAGL0I09009g - NA"
"CAGL0I09086g"	"T60"	NA	"CAGL0I09086g - NA"
"CAGL0I09284g"	"T60"	-0.06	"CAGL0I09284g - -0.06"
"CAGL0I09328g"	"T60"	-0.289	"CAGL0I09328g - -0.289"
"CAGL0I09504g"	"T60"	NA	"CAGL0I09504g - NA"
"CAGL0I09702g"	"T60"	NA	"CAGL0I09702g - NA"
"CAGL0I09724g"	"T60"	NA	"CAGL0I09724g - NA"
"CAGL0I09790g"	"T60"	-0.463	"CAGL0I09790g - -0.463"
"CAGL0I10010g"	"T60"	NA	"CAGL0I10010g - NA"
"CAGL0I10147g"	"T60"	NA	"CAGL0I10147g - NA"
"CAGL0I10384g"	"T60"	NA	"CAGL0I10384g - NA"
"CAGL0I10406g"	"T60"	0.234	"CAGL0I10406g - 0.234"
"CAGL0I10472g"	"T60"	0.089	"CAGL0I10472g - 0.089"
"CAGL0I10670g"	"T60"	-0.379	"CAGL0I10670g - -0.379"
"CAGL0I10747g"	"T60"	NA	"CAGL0I10747g - NA"
"CAGL0I10791g"	"T60"	-0.359	"CAGL0I10791g - -0.359"
"CAGL0J00363g"	"T60"	NA	"CAGL0J00363g - NA"
"CAGL0J00429g"	"T60"	0.971	"CAGL0J00429g - 0.971"
"CAGL0J00451g"	"T60"	0.178	"CAGL0J00451g - 0.178"
"CAGL0J00473g"	"T60"	-0.57	"CAGL0J00473g - -0.57"
"CAGL0J00649g"	"T60"	0.266	"CAGL0J00649g - 0.266"
"CAGL0J00847g"	"T60"	-0.692	"CAGL0J00847g - -0.692"
"CAGL0J01045g"	"T60"	NA	"CAGL0J01045g - NA"
"CAGL0J01441g"	"T60"	-0.36	"CAGL0J01441g - -0.36"
"CAGL0J01848g"	"T60"	NA	"CAGL0J01848g - NA"
"CAGL0J02112g"	"T60"	-0.264	"CAGL0J02112g - -0.264"
"CAGL0J02530g"	"T60"	NA	"CAGL0J02530g - NA"
"CAGL0J02904g"	"T60"	NA	"CAGL0J02904g - NA"
"CAGL0J03080g"	"T60"	NA	"CAGL0J03080g - NA"
"CAGL0J03212g"	"T60"	-0.072	"CAGL0J03212g - -0.072"
"CAGL0J03234g"	"T60"	-0.099	"CAGL0J03234g - -0.099"
"CAGL0J03762g"	"T60"	0.151	"CAGL0J03762g - 0.151"
"CAGL0J03806g"	"T60"	-0.374	"CAGL0J03806g - -0.374"
"CAGL0J03894g"	"T60"	NA	"CAGL0J03894g - NA"
"CAGL0J03916g"	"T60"	NA	"CAGL0J03916g - NA"
"CAGL0J04004g"	"T60"	NA	"CAGL0J04004g - NA"
"CAGL0J04070g"	"T60"	0.315	"CAGL0J04070g - 0.315"
"CAGL0J04202g"	"T60"	3.63	"CAGL0J04202g - 3.63"
"CAGL0J04224g"	"T60"	NA	"CAGL0J04224g - NA"
"CAGL0J04268g"	"T60"	0.177	"CAGL0J04268g - 0.177"
"CAGL0J04290g"	"T60"	NA	"CAGL0J04290g - NA"
"CAGL0J04466g"	"T60"	2.214	"CAGL0J04466g - 2.214"
"CAGL0J04576g"	"T60"	NA	"CAGL0J04576g - NA"
"CAGL0J04950g"	"T60"	NA	"CAGL0J04950g - NA"
"CAGL0J05082g"	"T60"	NA	"CAGL0J05082g - NA"
"CAGL0J05258g"	"T60"	-0.067	"CAGL0J05258g - -0.067"
"CAGL0J05390g"	"T60"	NA	"CAGL0J05390g - NA"
"CAGL0J05478g"	"T60"	NA	"CAGL0J05478g - NA"
"CAGL0J05852g"	"T60"	0.286	"CAGL0J05852g - 0.286"
"CAGL0J05984g"	"T60"	-0.268	"CAGL0J05984g - -0.268"
"CAGL0J06374g"	"T60"	-0.01	"CAGL0J06374g - -0.01"
"CAGL0J06380g"	"T60"	NA	"CAGL0J06380g - NA"
"CAGL0J06666g"	"T60"	0.276	"CAGL0J06666g - 0.276"
"CAGL0J07062g"	"T60"	-0.104	"CAGL0J07062g - -0.104"
"CAGL0J07568g"	"T60"	0.351	"CAGL0J07568g - 0.351"
"CAGL0J07678g"	"T60"	0.465	"CAGL0J07678g - 0.465"
"CAGL0J07766g"	"T60"	-0.431	"CAGL0J07766g - -0.431"
"CAGL0J07980g"	"T60"	NA	"CAGL0J07980g - NA"
"CAGL0J08547g"	"T60"	NA	"CAGL0J08547g - NA"
"CAGL0J08679g"	"T60"	-0.117	"CAGL0J08679g - -0.117"
"CAGL0J09240g"	"T60"	0.239	"CAGL0J09240g - 0.239"
"CAGL0J09262g"	"T60"	NA	"CAGL0J09262g - NA"
"CAGL0J09328g"	"T60"	NA	"CAGL0J09328g - NA"
"CAGL0J09614g"	"T60"	0.045	"CAGL0J09614g - 0.045"
"CAGL0J09724g"	"T60"	-0.734	"CAGL0J09724g - -0.734"
"CAGL0J09812g"	"T60"	NA	"CAGL0J09812g - NA"
"CAGL0J09944g"	"T60"	NA	"CAGL0J09944g - NA"
"CAGL0J10010g"	"T60"	0.094	"CAGL0J10010g - 0.094"
"CAGL0J10164g"	"T60"	-0.28	"CAGL0J10164g - -0.28"
"CAGL0J10362g"	"T60"	-0.225	"CAGL0J10362g - -0.225"
"CAGL0J10824g"	"T60"	NA	"CAGL0J10824g - NA"
"CAGL0J10846g"	"T60"	NA	"CAGL0J10846g - NA"
"CAGL0J10978g"	"T60"	NA	"CAGL0J10978g - NA"
"CAGL0J11132g"	"T60"	-0.033	"CAGL0J11132g - -0.033"
"CAGL0J11682g"	"T60"	-0.298	"CAGL0J11682g - -0.298"
"CAGL0J11792g"	"T60"	NA	"CAGL0J11792g - NA"
"CAGL0J11858g"	"T60"	NA	"CAGL0J11858g - NA"
"CAGL0K00110g"	"T60"	-0.229	"CAGL0K00110g - -0.229"
"CAGL0K00715g"	"T60"	NA	"CAGL0K00715g - NA"
"CAGL0K00847g"	"T60"	0.053	"CAGL0K00847g - 0.053"
"CAGL0K00869g"	"T60"	NA	"CAGL0K00869g - NA"
"CAGL0K01177g"	"T60"	0.115	"CAGL0K01177g - 0.115"
"CAGL0K01749g"	"T60"	NA	"CAGL0K01749g - NA"
"CAGL0K01771g"	"T60"	-0.967	"CAGL0K01771g - -0.967"
"CAGL0K01859g"	"T60"	-0.309	"CAGL0K01859g - -0.309"
"CAGL0K02233g"	"T60"	-0.358	"CAGL0K02233g - -0.358"
"CAGL0K02409g"	"T60"	-0.024	"CAGL0K02409g - -0.024"
"CAGL0K02629g"	"T60"	NA	"CAGL0K02629g - NA"
"CAGL0K02893g"	"T60"	-1.203	"CAGL0K02893g - -1.203"
"CAGL0K03091g"	"T60"	1.09	"CAGL0K03091g - 1.09"
"CAGL0K03421g"	"T60"	NA	"CAGL0K03421g - NA"
"CAGL0K03459g"	"T60"	NA	"CAGL0K03459g - NA"
"CAGL0K04103g"	"T60"	NA	"CAGL0K04103g - NA"
"CAGL0K04279g"	"T60"	NA	"CAGL0K04279g - NA"
"CAGL0K04301g"	"T60"	NA	"CAGL0K04301g - NA"
"CAGL0K04367g"	"T60"	NA	"CAGL0K04367g - NA"
"CAGL0K04499g"	"T60"	-0.49	"CAGL0K04499g - -0.49"
"CAGL0K04719g"	"T60"	NA	"CAGL0K04719g - NA"
"CAGL0K04851g"	"T60"	NA	"CAGL0K04851g - NA"
"CAGL0K05137g"	"T60"	NA	"CAGL0K05137g - NA"
"CAGL0K05247g"	"T60"	NA	"CAGL0K05247g - NA"
"CAGL0K05357g"	"T60"	-0.511	"CAGL0K05357g - -0.511"
"CAGL0K05687g"	"T60"	NA	"CAGL0K05687g - NA"
"CAGL0K05753g"	"T60"	NA	"CAGL0K05753g - NA"
"CAGL0K05813g"	"T60"	0.031	"CAGL0K05813g - 0.031"
"CAGL0K06061g"	"T60"	-0.077	"CAGL0K06061g - -0.077"
"CAGL0K06105g"	"T60"	NA	"CAGL0K06105g - NA"
"CAGL0K06259g"	"T60"	0.069	"CAGL0K06259g - 0.069"
"CAGL0K06567g"	"T60"	-0.763	"CAGL0K06567g - -0.763"
"CAGL0K06633g"	"T60"	NA	"CAGL0K06633g - NA"
"CAGL0K06677g"	"T60"	-0.159	"CAGL0K06677g - -0.159"
"CAGL0K07111g"	"T60"	NA	"CAGL0K07111g - NA"
"CAGL0K07183g"	"T60"	NA	"CAGL0K07183g - NA"
"CAGL0K07205g"	"T60"	NA	"CAGL0K07205g - NA"
"CAGL0K07436g"	"T60"	-0.777	"CAGL0K07436g - -0.777"
"CAGL0K07480g"	"T60"	NA	"CAGL0K07480g - NA"
"CAGL0K07546g"	"T60"	NA	"CAGL0K07546g - NA"
"CAGL0K07590g"	"T60"	NA	"CAGL0K07590g - NA"
"CAGL0K07678g"	"T60"	NA	"CAGL0K07678g - NA"
"CAGL0K08184g"	"T60"	-0.41	"CAGL0K08184g - -0.41"
"CAGL0K08206g"	"T60"	NA	"CAGL0K08206g - NA"
"CAGL0K08338g"	"T60"	0.191	"CAGL0K08338g - 0.191"
"CAGL0K08536g"	"T60"	1.06	"CAGL0K08536g - 1.06"
"CAGL0K08668g"	"T60"	NA	"CAGL0K08668g - NA"
"CAGL0K08756g"	"T60"	NA	"CAGL0K08756g - NA"
"CAGL0K09042g"	"T60"	-0.192	"CAGL0K09042g - -0.192"
"CAGL0K09372g"	"T60"	NA	"CAGL0K09372g - NA"
"CAGL0K09702g"	"T60"	NA	"CAGL0K09702g - NA"
"CAGL0K09724g"	"T60"	0.506	"CAGL0K09724g - 0.506"
"CAGL0K09988g"	"T60"	-0.931	"CAGL0K09988g - -0.931"
"CAGL0K10340g"	"T60"	-0.406	"CAGL0K10340g - -0.406"
"CAGL0K10362g"	"T60"	-0.627	"CAGL0K10362g - -0.627"
"CAGL0K10428g"	"T60"	NA	"CAGL0K10428g - NA"
"CAGL0K10736g"	"T60"	NA	"CAGL0K10736g - NA"
"CAGL0K10780g"	"T60"	-0.393	"CAGL0K10780g - -0.393"
"CAGL0K10824g"	"T60"	NA	"CAGL0K10824g - NA"
"CAGL0K10868g"	"T60"	-0.671	"CAGL0K10868g - -0.671"
"CAGL0K11231g"	"T60"	0.269	"CAGL0K11231g - 0.269"
"CAGL0K11616g"	"T60"	-0.719	"CAGL0K11616g - -0.719"
"CAGL0K11858g"	"T60"	0.43	"CAGL0K11858g - 0.43"
"CAGL0K12100g"	"T60"	-0.144	"CAGL0K12100g - -0.144"
"CAGL0K12254g"	"T60"	NA	"CAGL0K12254g - NA"
"CAGL0K12518g"	"T60"	NA	"CAGL0K12518g - NA"
"CAGL0K12980g"	"T60"	NA	"CAGL0K12980g - NA"
"CAGL0L00429g"	"T60"	-0.541	"CAGL0L00429g - -0.541"
"CAGL0L00473g"	"T60"	NA	"CAGL0L00473g - NA"
"CAGL0L00649g"	"T60"	NA	"CAGL0L00649g - NA"
"CAGL0L00759g"	"T60"	0.126	"CAGL0L00759g - 0.126"
"CAGL0L00803g"	"T60"	NA	"CAGL0L00803g - NA"
"CAGL0L00957g"	"T60"	1.221	"CAGL0L00957g - 1.221"
"CAGL0L00979g"	"T60"	NA	"CAGL0L00979g - NA"
"CAGL0L01089g"	"T60"	-2.266	"CAGL0L01089g - -2.266"
"CAGL0L01177g"	"T60"	0.273	"CAGL0L01177g - 0.273"
"CAGL0L01551g"	"T60"	-1.243	"CAGL0L01551g - -1.243"
"CAGL0L01771g"	"T60"	NA	"CAGL0L01771g - NA"
"CAGL0L02079g"	"T60"	-0.442	"CAGL0L02079g - -0.442"
"CAGL0L02167g"	"T60"	NA	"CAGL0L02167g - NA"
"CAGL0L02321g"	"T60"	-0.864	"CAGL0L02321g - -0.864"
"CAGL0L02937g"	"T60"	NA	"CAGL0L02937g - NA"
"CAGL0L03135g"	"T60"	NA	"CAGL0L03135g - NA"
"CAGL0L03267g"	"T60"	NA	"CAGL0L03267g - NA"
"CAGL0L03377g"	"T60"	NA	"CAGL0L03377g - NA"
"CAGL0L03696g"	"T60"	NA	"CAGL0L03696g - NA"
"CAGL0L03806g"	"T60"	0.832	"CAGL0L03806g - 0.832"
"CAGL0L03828g"	"T60"	-0.435	"CAGL0L03828g - -0.435"
"CAGL0L03846g"	"T60"	-0.477	"CAGL0L03846g - -0.477"
"CAGL0L03982g"	"T60"	-0.094	"CAGL0L03982g - -0.094"
"CAGL0L04070g"	"T60"	NA	"CAGL0L04070g - NA"
"CAGL0L04510g"	"T60"	NA	"CAGL0L04510g - NA"
"CAGL0L04598g"	"T60"	0.057	"CAGL0L04598g - 0.057"
"CAGL0L04664g"	"T60"	-0.323	"CAGL0L04664g - -0.323"
"CAGL0L05236g"	"T60"	0.147	"CAGL0L05236g - 0.147"
"CAGL0L05258g"	"T60"	0.964	"CAGL0L05258g - 0.964"
"CAGL0L05500g"	"T60"	-0.272	"CAGL0L05500g - -0.272"
"CAGL0L05742g"	"T60"	NA	"CAGL0L05742g - NA"
"CAGL0L05786g"	"T60"	NA	"CAGL0L05786g - NA"
"CAGL0L06094g"	"T60"	0.652	"CAGL0L06094g - 0.652"
"CAGL0L06160g"	"T60"	0.842	"CAGL0L06160g - 0.842"
"CAGL0L06512g"	"T60"	NA	"CAGL0L06512g - NA"
"CAGL0L06578g"	"T60"	NA	"CAGL0L06578g - NA"
"CAGL0L06666g"	"T60"	NA	"CAGL0L06666g - NA"
"CAGL0L06776g"	"T60"	NA	"CAGL0L06776g - NA"
"CAGL0L06864g"	"T60"	NA	"CAGL0L06864g - NA"
"CAGL0L07480g"	"T60"	NA	"CAGL0L07480g - NA"
"CAGL0L07502g"	"T60"	NA	"CAGL0L07502g - NA"
"CAGL0L07546g"	"T60"	NA	"CAGL0L07546g - NA"
"CAGL0L08114g"	"T60"	NA	"CAGL0L08114g - NA"
"CAGL0L08118g"	"T60"	NA	"CAGL0L08118g - NA"
"CAGL0L08184g"	"T60"	NA	"CAGL0L08184g - NA"
"CAGL0L08294g"	"T60"	NA	"CAGL0L08294g - NA"
"CAGL0L08426g"	"T60"	NA	"CAGL0L08426g - NA"
"CAGL0L08756g"	"T60"	NA	"CAGL0L08756g - NA"
"CAGL0L09020g"	"T60"	NA	"CAGL0L09020g - NA"
"CAGL0L09086g"	"T60"	NA	"CAGL0L09086g - NA"
"CAGL0L09108g"	"T60"	-0.211	"CAGL0L09108g - -0.211"
"CAGL0L09273g"	"T60"	NA	"CAGL0L09273g - NA"
"CAGL0L09383g"	"T60"	NA	"CAGL0L09383g - NA"
"CAGL0L09537g"	"T60"	NA	"CAGL0L09537g - NA"
"CAGL0L10142g"	"T60"	NA	"CAGL0L10142g - NA"
"CAGL0L10164g"	"T60"	-0.081	"CAGL0L10164g - -0.081"
"CAGL0L10362g"	"T60"	NA	"CAGL0L10362g - NA"
"CAGL0L10406g"	"T60"	-0.503	"CAGL0L10406g - -0.503"
"CAGL0L10582g"	"T60"	NA	"CAGL0L10582g - NA"
"CAGL0L10780g"	"T60"	-0.433	"CAGL0L10780g - -0.433"
"CAGL0L10868g"	"T60"	-0.153	"CAGL0L10868g - -0.153"
"CAGL0L10890g"	"T60"	-0.133	"CAGL0L10890g - -0.133"
"CAGL0L11000g"	"T60"	-0.467	"CAGL0L11000g - -0.467"
"CAGL0L11506g"	"T60"	NA	"CAGL0L11506g - NA"
"CAGL0L11814g"	"T60"	NA	"CAGL0L11814g - NA"
"CAGL0L11902g"	"T60"	NA	"CAGL0L11902g - NA"
"CAGL0L11990g"	"T60"	NA	"CAGL0L11990g - NA"
"CAGL0L12364g"	"T60"	-0.144	"CAGL0L12364g - -0.144"
"CAGL0L12562g"	"T60"	NA	"CAGL0L12562g - NA"
"CAGL0L12914g"	"T60"	0.07	"CAGL0L12914g - 0.07"
"CAGL0L12936g"	"T60"	-0.32	"CAGL0L12936g - -0.32"
"CAGL0L13156g"	"T60"	NA	"CAGL0L13156g - NA"
"CAGL0L13354g"	"T60"	NA	"CAGL0L13354g - NA"
"CAGL0M00418g"	"T60"	NA	"CAGL0M00418g - NA"
"CAGL0M00770g"	"T60"	NA	"CAGL0M00770g - NA"
"CAGL0M01364g"	"T60"	1.027	"CAGL0M01364g - 1.027"
"CAGL0M01562g"	"T60"	1.316	"CAGL0M01562g - 1.316"
"CAGL0M02167g"	"T60"	NA	"CAGL0M02167g - NA"
"CAGL0M02211g"	"T60"	0.606	"CAGL0M02211g - 0.606"
"CAGL0M02387g"	"T60"	NA	"CAGL0M02387g - NA"
"CAGL0M02915g"	"T60"	NA	"CAGL0M02915g - NA"
"CAGL0M03003g"	"T60"	NA	"CAGL0M03003g - NA"
"CAGL0M03025g"	"T60"	NA	"CAGL0M03025g - NA"
"CAGL0M03377g"	"T60"	0.2	"CAGL0M03377g - 0.2"
"CAGL0M03795g"	"T60"	-0.358	"CAGL0M03795g - -0.358"
"CAGL0M04191g"	"T60"	NA	"CAGL0M04191g - NA"
"CAGL0M04499g"	"T60"	NA	"CAGL0M04499g - NA"
"CAGL0M04675g"	"T60"	0.994	"CAGL0M04675g - 0.994"
"CAGL0M04873g"	"T60"	0.851	"CAGL0M04873g - 0.851"
"CAGL0M05401g"	"T60"	NA	"CAGL0M05401g - NA"
"CAGL0M05511g"	"T60"	NA	"CAGL0M05511g - NA"
"CAGL0M05665g"	"T60"	1.087	"CAGL0M05665g - 1.087"
"CAGL0M05775g"	"T60"	0.613	"CAGL0M05775g - 0.613"
"CAGL0M05951g"	"T60"	NA	"CAGL0M05951g - NA"
"CAGL0M05995g"	"T60"	0.498	"CAGL0M05995g - 0.498"
"CAGL0M06369g"	"T60"	-1.282	"CAGL0M06369g - -1.282"
"CAGL0M06457g"	"T60"	-1.083	"CAGL0M06457g - -1.083"
"CAGL0M06633g"	"T60"	0.222	"CAGL0M06633g - 0.222"
"CAGL0M06963g"	"T60"	NA	"CAGL0M06963g - NA"
"CAGL0M07001g"	"T60"	NA	"CAGL0M07001g - NA"
"CAGL0M07271g"	"T60"	0.754	"CAGL0M07271g - 0.754"
"CAGL0M07403g"	"T60"	NA	"CAGL0M07403g - NA"
"CAGL0M07656g"	"T60"	-0.66	"CAGL0M07656g - -0.66"
"CAGL0M07722g"	"T60"	-0.597	"CAGL0M07722g - -0.597"
"CAGL0M08184g"	"T60"	NA	"CAGL0M08184g - NA"
"CAGL0M08602g"	"T60"	NA	"CAGL0M08602g - NA"
"CAGL0M09020g"	"T60"	NA	"CAGL0M09020g - NA"
"CAGL0M09229g"	"T60"	NA	"CAGL0M09229g - NA"
"CAGL0M09581g"	"T60"	-0.062	"CAGL0M09581g - -0.062"
"CAGL0M09669g"	"T60"	NA	"CAGL0M09669g - NA"
"CAGL0M09713g"	"T60"	-0.393	"CAGL0M09713g - -0.393"
"CAGL0M10241g"	"T60"	0.003	"CAGL0M10241g - 0.003"
"CAGL0M11000g"	"T60"	NA	"CAGL0M11000g - NA"
"CAGL0M11110g"	"T60"	-0.136	"CAGL0M11110g - -0.136"
"CAGL0M11704g"	"T60"	0.356	"CAGL0M11704g - 0.356"
"CAGL0M11902g"	"T60"	NA	"CAGL0M11902g - NA"
"CAGL0M12551g"	"T60"	NA	"CAGL0M12551g - NA"
"CAGL0M12881g"	"T60"	-0.071	"CAGL0M12881g - -0.071"
"CAGL0M12947g"	"T60"	NA	"CAGL0M12947g - NA"
"CAGL0M13717g"	"T60"	-0.242	"CAGL0M13717g - -0.242"
"CAGL0M14069g"	"T60"	NA	"CAGL0M14069g - NA"
